material_category,weight_kg,rate_inr,total_inr,is_anomaly
other,108.31684096475126,11.84,1282.4,0
crt,86.08430074972438,22.7,1953.81,0
crt,127.91080315744995,29.07,3718.63,0
lcd_panel,40.143516835821934,35.34,1418.76,0
mixed_plastic,0.5,11.78,5.89,0
pcb,119.63765946387963,133.78,16005.14,0
motor,17.611006569308643,37.24,655.85,0
pcb,57.51201352170088,94.54,5436.96,0
cable,0.9528256874926626,94.27,89.83,0
battery,137.86584219915818,78.75,10856.88,0
magnet_assembly,60.693869977010515,43.99,2670.18,0
motor,60.13659039497199,43.6,2622.07,0
pcb,6.390596792569966,627.28,4008.68,1
other,44.31006285440857,9.86,436.86,0
motor,34.264708090213716,59.65,2043.77,0
crt,19.503281975883425,213.42,4162.35,1
mixed_plastic,49.16522947751151,11.94,586.97,0
cable,7354.0567406371865,80.0,588324.54,1
battery,52.508334956100896,69.57,3652.96,0
crt,23.882950243946894,33.88,809.16,0
crt,76.35741419414735,31.42,2399.33,0
magnet_assembly,93.39310960624432,69.36,6477.39,0
other,67.92144784194016,10.71,727.74,0
mixed_plastic,34.22875799732187,16.53,565.68,0
battery,33.75635484433745,59.32,2002.51,0
motor,0.5,35.56,17.78,0
cable,54.26139868215122,59.41,3223.56,0
crt,46.24501780106563,23.33,1079.11,0
motor,10.078561525318449,42.91,432.5,0
battery,48.97573301777135,66.99,3280.67,0
cable,37.38934664334977,93.54,3497.52,0
crt,60.72201710359013,35.91,2180.79,0
battery,56.281254277059254,81.44,4583.8,0
motor,92.83394990272978,53.33,4951.13,0
crt,80.98321990926966,23.78,1926.01,0
lcd_panel,57.1645604547387,50.79,2903.21,0
magnet_assembly,4.806005711257612,69.7,334.97,0
cable,17.046525214353835,62.51,1065.6,0
magnet_assembly,40.02521499310075,42.68,1708.08,0
other,3.478293988615924,8.96,31.16,0
battery,5252.846824368766,70.0,367699.28,1
battery,59.640010135889824,60.34,3598.46,0
cable,91.56439070065807,90.37,8274.98,0
mixed_plastic,71.20372476350506,14.35,1021.93,0
cable,67.51605605745243,94.77,6398.8,0
crt,65.33007169891457,27.08,1769.42,0
cable,74.59778556125512,91.9,6855.29,0
battery,70.38732308969315,76.72,5400.23,0
magnet_assembly,49.04031580468873,48.06,2357.0,0
other,16.83561146258083,8.43,142.0,0
lcd_panel,14.753794203917039,38.11,562.33,0
lcd_panel,2.238314341591085,51.41,115.08,0
crt,35.6340603077483,32.96,1174.61,0
pcb,62.086172672754586,84.57,5250.77,0
cable,6237.156216281068,80.0,498972.5,1
other,93.50664927258349,9.01,842.83,0
battery,78.74610513022986,64.8,5103.07,0
motor,67.04185948979983,41.25,2765.25,0
other,34.42002230945441,9.12,313.83,0
lcd_panel,8.744312228540068,36.74,321.3,0
mixed_plastic,138.85422326757714,16.83,2337.46,0
other,57.08300167064193,10.18,581.23,0
lcd_panel,26.996488528284598,41.19,1111.88,0
motor,94.62046765714908,40.54,3835.66,0
crt,65.9628675431877,29.34,1935.06,0
pcb,51.41957122142002,120.39,6190.44,0
mixed_plastic,0.5,14.52,7.26,0
lcd_panel,28.087390530936204,52.36,1470.72,0
crt,13.587026322868645,27.19,369.45,0
lcd_panel,77.80660993320562,41.6,3236.79,0
cable,31.23481362703647,73.35,2291.04,0
motor,5983.810420699146,50.0,299190.52,1
mixed_plastic,9577.364934747151,15.0,143660.47,1
cable,8.920574984321277,57.37,511.78,0
magnet_assembly,15.445361344171992,58.01,896.01,0
battery,33.07757595896882,83.96,2777.24,0
crt,87.12362443964324,22.3,1943.21,0
battery,0.5,67.33,33.67,0
mixed_plastic,26.100359371860513,13.62,355.42,0
crt,43.226935926641595,33.43,1444.89,0
motor,18.49728521095617,53.6,991.48,0
motor,15.129010361229476,53.09,803.19,0
lcd_panel,122.99998887396734,48.21,5929.98,0
pcb,52.044321395076075,115.53,6012.47,0
battery,96.23711207525142,81.99,7890.59,0
pcb,92.08427289898543,96.88,8921.55,0
mixed_plastic,14.54709580016008,16.55,240.73,0
mixed_plastic,124.0485410000588,13.39,1661.5,0
magnet_assembly,0.5,54.78,27.39,0
pcb,8.671749490276177,109.91,953.12,0
lcd_panel,104.52930254777809,52.46,5483.63,0
pcb,74.57273360647916,95.79,7143.24,0
motor,73.35879627391337,40.33,2958.86,0
motor,69.50434668154845,40.25,2797.36,0
magnet_assembly,87.87230266047482,66.12,5810.4,0
crt,5188.473793153021,30.0,155654.21,1
crt,27.837288102843615,31.57,878.88,0
battery,49.542643334704906,76.05,3767.75,0
cable,13.387233779515292,74.09,991.87,0
magnet_assembly,30.359881563889168,63.97,1942.03,0
battery,37.122202273127236,66.82,2480.61,0
cable,18.59960161189484,56.93,1058.8,0
cable,6.803606365567688,86.54,588.82,0
mixed_plastic,50.78307048360688,11.6,589.18,0
motor,85.15855892282605,54.2,4615.3,0
mixed_plastic,69.22434373389389,15.5,1072.95,0
magnet_assembly,94.22858303373172,61.64,5808.12,0
cable,37.45743548117741,70.29,2632.87,0
pcb,75.51994516272984,142.08,10729.97,0
magnet_assembly,0.5,51.06,25.53,0
motor,61.23536100555952,51.39,3146.6,0
motor,96.05156754150988,58.59,5627.58,0
magnet_assembly,5.502592985608452,65.5,360.42,0
other,9.006473483512877,11.27,101.49,0
other,52.077195092181256,10.26,534.47,0
battery,0.5,66.38,33.19,0
crt,42.51865484501117,24.21,1029.55,0
pcb,128.18844789045153,90.29,11573.59,0
magnet_assembly,75.40040226040355,66.73,5031.12,0
battery,30.22602071287469,68.79,2079.38,0
magnet_assembly,105.20792063592127,44.95,4729.42,0
magnet_assembly,85.05891822166808,45.38,3859.56,0
crt,53.80285747572305,21.11,1135.73,0
motor,83.92812685988862,42.77,3589.97,0
mixed_plastic,33.900912211932834,16.87,571.77,0
magnet_assembly,1.4368560132384118,57.09,82.02,0
mixed_plastic,19.949776252213056,13.24,264.1,0
cable,55.557712388160624,80.27,4459.55,0
mixed_plastic,0.5,67.64,33.82,1
mixed_plastic,37.39908206859948,11.58,433.11,0
crt,28.940591639712338,33.59,972.05,0
other,62.70447845735773,7.79,488.31,0
crt,33.71243983111901,27.31,920.79,0
magnet_assembly,89.54153643895727,62.03,5554.09,0
lcd_panel,22.10865278120744,40.26,890.06,0
lcd_panel,59.71825408525405,53.2,3176.93,0
other,80.65553906289597,11.65,939.96,0
cable,33.444202309005725,71.94,2406.06,0
magnet_assembly,50.486787291316205,51.68,2609.18,0
motor,46.28501994427789,50.23,2324.89,0
magnet_assembly,25.410081824436446,61.64,1566.2,0
battery,72.7526004620075,72.15,5249.34,0
battery,0.5,68.23,34.12,0
cable,55.4621296297677,67.0,3715.92,0
cable,70.70973287802127,83.49,5903.9,0
mixed_plastic,14.554995367454367,16.16,235.23,0
other,40.16374942865982,8.87,356.16,0
pcb,110.64543586294229,133.08,14724.59,0
crt,134.7169440281961,29.38,3958.11,0
battery,25.39080999929382,83.22,2113.02,0
cable,120.77349293602498,81.2,9806.97,0
crt,57.980293057555535,27.03,1567.48,0
other,158.4317719616213,8.83,1399.71,0
other,47.45018857984135,11.57,549.11,0
motor,54.105821141586574,56.79,3072.6,0
magnet_assembly,38.088153751041595,45.04,1715.41,0
other,105.65693414144974,7.63,805.68,0
magnet_assembly,51.38014260926631,63.31,3252.69,0
motor,34.82550769072051,44.79,1559.98,0
motor,51.91487546659233,53.39,2771.89,0
crt,32.56841081505456,24.85,809.41,0
other,16.342019434839663,66.22,1082.17,1
cable,22.891383504562338,95.89,2194.98,0
crt,36.58020163886628,35.12,1284.86,0
magnet_assembly,23.898868271334194,67.58,1615.09,0
mixed_plastic,25.552913919226917,12.4,316.87,0
other,32.64818801161909,7.53,245.99,0
pcb,76.54809743750691,128.45,9832.36,0
magnet_assembly,90.94547473955687,64.43,5859.83,0
battery,84.22159797012509,78.89,6644.29,0
pcb,2.4585818415559757,113.27,278.49,0
mixed_plastic,129.55280215135178,11.4,1476.73,0
cable,30.65365450249726,71.13,2180.33,0
mixed_plastic,40.13102303542238,11.69,468.96,0
magnet_assembly,22.027862435899756,46.34,1020.8,0
crt,66.58501597069133,28.4,1890.76,0
magnet_assembly,87.15407442635254,43.25,3769.82,0
mixed_plastic,75.07729795569867,17.89,1343.5,0
mixed_plastic,0.5,13.71,6.86,0
magnet_assembly,63.07409626794062,53.79,3392.66,0
mixed_plastic,126.78240343878575,12.39,1571.1,0
crt,64.22216741343911,28.13,1806.32,0
lcd_panel,52.20385970627415,32.21,1681.26,0
battery,78.50015358063843,63.39,4975.86,0
other,25.93992852712909,11.09,287.71,0
cable,71.75532057455116,61.05,4380.33,0
battery,5.766650216285676,52.79,304.41,0
pcb,19.071751825513715,97.14,1852.6,0
pcb,62.73491758058665,100.26,6289.66,0
battery,61.53006311477306,64.35,3959.18,0
mixed_plastic,15.847076499824915,16.48,261.23,0
mixed_plastic,5434.582125633562,15.0,81518.73,1
other,63.4511155699025,10.6,672.87,0
pcb,20.518825553892114,102.65,2106.25,0
crt,67.4693022225934,32.08,2164.53,0
cable,66.04828653931982,76.22,5034.43,0
magnet_assembly,0.5,63.02,31.51,0
motor,62.999382983069815,49.58,3123.22,0
battery,2187.6721737692355,70.0,153137.05,1
motor,60.373055411644614,57.77,3487.74,0
mixed_plastic,72.5310621830591,13.44,975.1,0
mixed_plastic,98.54823520074945,13.89,1368.4,0
motor,0.5,37.46,18.73,0
cable,36.17914502995109,74.16,2683.19,0
mixed_plastic,46.75904653044801,14.22,664.99,0
battery,49.1052455248664,49.52,2431.61,0
motor,93.00886164727663,57.87,5382.62,0
battery,91.8910563423785,59.77,5492.14,0
mixed_plastic,112.77357713482233,12.12,1367.07,0
pcb,21.601031025309684,105.42,2277.1,0
other,14.487617902660965,9.17,132.9,0
mixed_plastic,15.61283452037619,10.84,169.17,0
battery,46.27891688827702,72.71,3365.0,0
magnet_assembly,59.358406119395156,53.43,3171.7,0
battery,0.5,80.26,40.13,0
cable,84.77830518819289,84.86,7194.33,0
other,98.88792630223091,10.13,1001.97,0
lcd_panel,114.26295432298755,43.85,5010.31,0
lcd_panel,0.5,45.67,22.84,0
motor,133.28351071638474,58.59,7808.51,0
cable,17.386475606494315,63.18,1098.48,0
lcd_panel,0.6022628531720073,35.21,21.2,0
cable,17.113375732423727,70.71,1210.15,0
cable,0.5,75.72,37.86,0
crt,43.91746873355,30.24,1328.21,0
lcd_panel,68.8835340252253,41.9,2886.44,0
motor,25.316871631582515,52.39,1326.4,0
crt,5.592448073903064,31.75,177.54,0
other,106.08486993684666,9.95,1055.67,0
motor,16.93357624883162,51.85,878.01,0
other,0.5,10.02,5.01,0
crt,27.88428514253175,26.94,751.3,0
pcb,37.49291321386896,96.1,3603.04,0
battery,18.160443599649838,78.24,1420.91,0
motor,67.5660053480167,55.76,3767.23,0
motor,83.32717725080727,36.25,3020.68,0
pcb,71.75318825612953,120.91,8675.94,0
magnet_assembly,71.30595505927457,43.5,3101.95,0
mixed_plastic,163.81257098788763,17.42,2853.56,0
cable,4405.245124485953,80.0,352419.61,1
magnet_assembly,9299.880433842947,60.0,557992.83,1
pcb,109.84465468266482,104.35,11462.05,0
battery,81.2810955029651,49.28,4005.84,0
motor,13.535307913843894,47.21,638.98,0
pcb,4.633154188888383,102.06,472.84,0
crt,91.16721744511868,24.48,2232.15,0
battery,55.13922131673739,73.56,4056.04,0
cable,26.294252244572938,60.42,1588.59,0
pcb,29.009234193284108,84.49,2450.95,0
mixed_plastic,65.8189316658383,14.87,978.89,0
crt,22.76891686330802,34.87,793.95,0
other,53.629285376088774,12.0,643.42,0
motor,13.612408463666625,309.71,4215.87,1
motor,80.38000150064488,40.94,3290.59,0
magnet_assembly,100.38324977808908,46.53,4670.58,0
other,131.50182499315804,10.13,1332.27,0
motor,0.5,51.83,25.92,0
battery,16.199845990091156,83.66,1355.22,0
lcd_panel,46.1863563521327,52.98,2446.92,0
pcb,119.21287259428675,100.94,12033.8,0
magnet_assembly,95.7705266446844,47.06,4507.06,0
motor,12.757176948406261,51.14,652.37,0
magnet_assembly,35.58892612492096,45.37,1614.57,0
mixed_plastic,74.90125375748775,10.56,790.84,0
pcb,140.81978241044882,126.63,17831.37,0
motor,52.15326207469798,49.3,2570.96,0
crt,0.5,24.22,12.11,0
battery,42.81521114377467,82.27,3522.35,0
crt,23.306664751340787,30.13,702.35,0
motor,0.5,36.54,18.27,0
lcd_panel,86.95460063856699,42.06,3657.51,0
lcd_panel,109.18108814074071,40.4,4410.75,0
magnet_assembly,28.978785595796126,55.94,1620.94,0
lcd_panel,82.42515242664008,52.85,4356.5,0
magnet_assembly,7073.944727820341,60.0,424436.68,1
other,2553.8410059650537,10.0,25538.41,1
cable,0.5,69.37,34.68,0
battery,0.5,50.17,25.09,0
mixed_plastic,61.65300931498796,12.82,790.69,0
lcd_panel,27.030504987237602,45.96,1242.24,0
cable,127.15375856087026,89.31,11356.25,0
mixed_plastic,51.86113863734835,12.37,641.32,0
crt,97.30877311522711,25.67,2497.98,0
crt,41.62192206725345,21.92,912.46,0
motor,100.01147651764933,36.27,3627.55,0
battery,12.649850554396117,60.8,769.15,0
battery,39.63104472858083,66.88,2650.36,0
cable,4.431793135306712,87.64,388.4,0
lcd_panel,65.14008595670083,37.42,2437.27,0
battery,26.424376205982284,57.47,1518.52,0
other,109.15723753010222,9.45,1031.66,0
other,54.10859898288841,11.07,598.94,0
pcb,25.312834159570727,112.05,2836.37,0
battery,31.798135173303205,52.65,1674.27,0
crt,68.4729190334564,23.48,1607.58,0
mixed_plastic,81.35387761245539,13.82,1124.0,0
pcb,107.8777658554792,103.82,11199.62,0
motor,23.566630567594167,59.86,1410.77,0
mixed_plastic,69.4143963021276,15.49,1074.96,0
magnet_assembly,16.03580596039106,66.02,1058.75,0
motor,48.23977820232696,217.61,10497.23,1
mixed_plastic,36.37951821155292,11.49,418.04,0
motor,38.42103774588003,59.68,2292.94,0
battery,3.246402799832296,66.9,217.17,0
battery,41.80413211218738,81.11,3390.77,0
pcb,77.30129130117629,117.61,9091.75,0
cable,6631.332260741739,80.0,530506.58,1
motor,15.864021038435546,46.38,735.82,0
pcb,6.095560708970929,118.8,724.14,0
magnet_assembly,35.534875625098174,51.77,1839.68,0
crt,0.5,21.15,10.58,0
mixed_plastic,9.202506475837993,13.79,126.9,0
lcd_panel,21.541568245669865,43.27,932.04,0
pcb,75.94310690410838,132.54,10065.66,0
crt,51.21096617981221,34.67,1775.7,0
motor,0.5,58.54,29.27,0
mixed_plastic,0.5,12.43,6.22,0
mixed_plastic,59.369761681570836,14.09,836.67,0
motor,21.948417168338,52.96,1162.42,0
lcd_panel,14.967407014148264,37.36,559.25,0
battery,27.568221230400994,53.84,1484.36,0
pcb,28.877555478970503,102.81,2969.03,0
battery,74.73442265038659,49.64,3710.0,0
pcb,108.22401917029192,84.56,9151.5,0
cable,97.40938799540658,82.38,8024.11,0
motor,0.5,51.06,25.53,0
other,42.182325048284625,9.46,399.01,0
pcb,71.85326824007004,100.17,7197.5,0
crt,57.839489682265466,21.03,1216.31,0
other,25.920735901309342,11.74,304.24,0
lcd_panel,9888.223425571437,45.0,444970.05,1
pcb,30.47810397396849,133.36,4064.5,0
lcd_panel,38.0193984981009,41.96,1595.26,0
mixed_plastic,0.5718791180236451,10.76,6.15,0
cable,0.5,93.52,46.76,0
lcd_panel,0.5,33.51,16.75,0
mixed_plastic,33.83371362082789,14.38,486.55,0
lcd_panel,6112.246555806956,45.0,275051.1,1
motor,16.422704078949614,54.4,893.47,0
mixed_plastic,34.089524346125955,15.57,530.73,0
cable,0.5,79.75,39.88,0
lcd_panel,24.42384604656121,34.04,831.51,0
lcd_panel,82.40108954024466,47.18,3887.51,0
other,21.005556647997913,8.82,185.31,0
cable,102.65070205999874,75.02,7700.51,0
pcb,85.32458206633932,136.93,11683.5,0
other,77.75293815436409,11.48,892.38,0
crt,96.66113344884013,34.75,3358.62,0
cable,82.83691516438837,90.36,7485.1,0
cable,13.539601252925124,83.22,1126.82,0
crt,118.55703201707973,35.24,4178.4,0
battery,58.010474861460295,68.62,3980.61,0
magnet_assembly,57.750583145792824,70.0,4042.44,0
cable,42.337713661270215,85.14,3604.44,0
battery,0.5,55.11,27.56,0
lcd_panel,37.20694888444975,44.55,1657.39,0
motor,18.16118504598007,44.31,804.65,0
crt,57.6755818008659,29.62,1708.27,0
mixed_plastic,0.5,10.91,5.46,0
cable,88.567150935337,78.1,6917.11,0
mixed_plastic,73.95985366737057,11.25,832.18,0
other,84.13395909360587,11.31,951.64,0
cable,19.09084853725996,93.2,1779.22,0
motor,0.5,57.76,28.88,0
cable,75.67788517774804,80.26,6073.63,0
other,39.18929582544444,8.32,326.05,0
crt,79.81489168007191,29.15,2326.47,0
crt,40.283062152940765,30.21,1217.01,0
pcb,123.82582277097261,130.58,16169.7,0
cable,89.59835702723541,60.12,5386.8,0
lcd_panel,47.268194108394425,51.18,2419.01,0
crt,10.70047508402881,22.2,237.51,0
mixed_plastic,0.5,12.98,6.49,0
motor,88.72100303482335,46.76,4148.34,0
other,132.1677536502428,8.26,1091.25,0
mixed_plastic,55.91282956146108,16.06,898.16,0
magnet_assembly,3.7819282472936138,59.12,223.59,0
motor,79.00324177790031,35.0,2765.48,0
battery,26.301381784779426,53.76,1413.86,0
lcd_panel,63.08289499511381,48.38,3051.77,0
magnet_assembly,47.45494384721589,70.52,3346.44,0
magnet_assembly,0.5,59.38,29.69,0
magnet_assembly,73.38096207349739,58.75,4310.91,0
magnet_assembly,39.27443443032947,51.75,2032.61,0
motor,0.5,43.32,21.66,0
battery,30.57285021699812,75.29,2301.83,0
pcb,100.20421666332335,137.16,13744.46,0
cable,77.46836817394262,75.6,5856.28,0
lcd_panel,36.48488898104773,270.24,9859.54,1
mixed_plastic,50.08926488649608,14.94,748.18,0
magnet_assembly,22.43552809112839,68.78,1543.2,0
motor,68.70760415435542,47.62,3271.58,0
lcd_panel,61.96945847673764,51.61,3198.06,0
crt,79.69776954587826,34.0,2709.84,0
motor,62.548927315876284,50.48,3157.71,0
mixed_plastic,0.5,10.69,5.35,0
pcb,86.39133380404651,115.5,9977.86,0
lcd_panel,46.41344313841464,35.72,1658.07,0
motor,0.5,35.94,17.97,0
battery,61.521134732219565,73.6,4527.81,0
motor,64.23265341107985,55.46,3562.35,0
battery,72.11135424887718,52.04,3752.4,0
cable,39.18514403456835,95.14,3728.07,0
other,0.5,10.59,5.3,0
motor,110.1976875646082,53.93,5943.22,0
crt,81.27519370416488,25.69,2087.74,0
other,0.5,8.34,4.17,0
lcd_panel,27.536775392692093,45.4,1250.03,0
magnet_assembly,100.55415359640483,49.84,5011.22,0
other,9.601831892953605,10.17,97.62,0
crt,2753.944531236205,30.0,82618.34,1
magnet_assembly,68.15772639028076,64.41,4390.06,0
battery,68.36720669339454,51.55,3524.6,0
mixed_plastic,38.21689438000018,10.62,405.74,0
other,74.42044009436056,7.2,535.62,0
cable,0.5,89.1,44.55,0
mixed_plastic,42.743907554396166,17.36,742.15,0
battery,33.616387908648,70.87,2382.47,0
lcd_panel,96.08154793254919,51.5,4947.78,0
battery,52.48205395291978,50.86,2669.2,0
mixed_plastic,0.5,13.76,6.88,0
other,60.66151723311589,9.77,592.52,0
magnet_assembly,37.05750763061301,43.01,1593.83,0
crt,98.01095908085551,26.17,2564.79,0
mixed_plastic,100.23064701074235,14.35,1438.17,0
motor,0.5,56.51,28.25,0
lcd_panel,37.50513943274729,41.54,1558.02,0
magnet_assembly,127.24011792123135,49.51,6300.08,0
motor,46.64867600443741,56.87,2652.8,0
other,140.16152435684478,10.15,1422.92,0
crt,88.12705017317415,24.51,2160.25,0
pcb,81.56300805599639,96.71,7887.79,0
pcb,13.664876281172539,131.31,1794.38,0
magnet_assembly,30.940794781942756,56.34,1743.29,0
cable,57.32051713245928,87.36,5007.66,0
motor,10.338918355814712,39.16,404.85,0
lcd_panel,8.881212922855653,51.19,454.63,0
mixed_plastic,5783.847850965887,15.0,86757.72,1
crt,26.102468101098147,28.69,748.85,0
battery,72.66047717764758,71.67,5207.46,0
pcb,64.36220373921466,103.96,6691.12,0
crt,6368.790464026327,30.0,191063.71,1
cable,53.124048043373065,86.0,4568.8,0
other,121.14061745060718,52.57,6368.5,1
mixed_plastic,45.86148840612306,10.59,485.59,0
mixed_plastic,30.417174118773136,11.88,361.42,0
magnet_assembly,59.95348315005515,62.07,3721.46,0
crt,27.18987228687641,22.33,607.06,0
battery,0.5,62.45,31.22,0
pcb,15.256142774571671,89.32,1362.65,0
cable,54.95359972285964,79.4,4363.3,0
magnet_assembly,28.441233315440684,66.87,1901.81,0
crt,43.100158624101745,30.29,1305.35,0
motor,12.513953686627097,51.44,643.71,0
motor,66.74818313169473,43.98,2935.37,0
motor,49.44107086095707,53.46,2643.22,0
mixed_plastic,16.520956730715554,15.85,261.87,0
other,0.5,8.18,4.09,0
lcd_panel,54.01158890028155,42.25,2282.11,0
battery,41.44178283249801,55.68,2307.41,0
motor,24.532049440978767,54.66,1341.01,0
magnet_assembly,81.08623497747323,66.37,5381.99,0
other,93.38002121163703,9.9,924.44,0
mixed_plastic,48.992452658820824,10.78,528.36,0
other,29.823092668113222,11.29,336.82,0
motor,0.5,59.21,29.61,0
other,72.20358797766347,9.44,681.64,0
mixed_plastic,61.22549467130748,14.16,866.77,0
cable,24.132234936696044,74.81,1805.43,0
other,14.110235413201082,10.93,154.24,0
mixed_plastic,60.50011563407335,17.16,1038.07,0
magnet_assembly,18.633445665606686,53.49,996.75,0
motor,0.5,55.2,27.6,0
battery,22.86363206620511,80.66,1844.1,0
other,39.90879903797277,10.16,405.67,0
lcd_panel,41.32372021037454,49.82,2058.56,0
lcd_panel,77.29355128238637,50.9,3934.0,0
battery,87.86308014293547,273.92,24067.74,1
battery,75.9345982558252,66.4,5042.05,0
battery,0.5,68.09,34.04,0
cable,32.334447612930425,72.93,2358.25,0
mixed_plastic,86.76786236070893,11.79,1022.86,0
other,34.06218900042533,7.77,264.51,0
magnet_assembly,32.13427812741574,43.26,1390.1,0
mixed_plastic,66.1057804585649,12.28,811.77,0
cable,31.025924204425156,63.74,1977.65,0
lcd_panel,7.021446800800476,43.57,305.9,0
magnet_assembly,35.30199723215274,60.03,2119.21,0
battery,71.78498297997355,78.35,5624.57,0
lcd_panel,67.97734063789049,38.17,2594.96,0
other,99.7868070726998,9.16,914.53,0
cable,84.11377080377365,83.75,7044.5,0
motor,0.5,41.63,20.81,0
magnet_assembly,97.55468711748141,62.31,6078.87,0
other,0.5,8.64,4.32,0
lcd_panel,79.00414567666049,34.76,2746.12,0
motor,50.79981944825677,48.13,2445.06,0
other,34.00693062853894,41.32,1405.16,1
magnet_assembly,130.379663665823,62.48,8146.04,0
pcb,8.253625998917997,138.62,1144.12,0
motor,49.26575103225052,41.29,2034.08,0
pcb,24.087307950876422,108.88,2622.67,0
battery,0.5,49.32,24.66,0
cable,92.31204030167675,84.44,7794.57,0
lcd_panel,3721.7651621310306,45.0,167479.43,1
motor,79.4431502417951,42.95,3412.1,0
other,0.5,10.57,5.28,0
mixed_plastic,0.5,16.56,8.28,0
crt,24.656419380247492,28.41,700.54,0
mixed_plastic,0.5,16.96,8.48,0
mixed_plastic,58.625926059066366,15.86,929.55,0
battery,57.72458534760099,581.81,33584.69,1
lcd_panel,55.13804268985172,38.94,2147.03,0
pcb,26.34781444484217,119.53,3149.29,0
motor,29.08906881274817,51.47,1497.2,0
battery,13.560755357990494,59.38,805.2,0
magnet_assembly,0.5,59.5,29.75,0
magnet_assembly,0.5,53.35,26.67,0
lcd_panel,52.01091565261498,31.7,1648.68,0
motor,36.208155080232686,59.93,2169.98,0
cable,41.39214705759278,79.61,3295.31,0
lcd_panel,95.73592428598211,41.85,4006.23,0
lcd_panel,78.94329143640226,53.47,4221.17,0
motor,39.60953378849295,45.25,1792.17,0
magnet_assembly,39.68241184593077,51.63,2048.83,0
pcb,130.3493369158441,92.37,12040.58,0
motor,130.9329897692033,47.39,6204.77,0
motor,104.50462485529219,50.24,5250.23,0
lcd_panel,53.781994092914275,52.85,2842.33,0
crt,23.723334124964946,27.06,641.87,0
lcd_panel,69.52791107565146,408.66,28413.17,1
pcb,46.51295354296275,104.9,4879.04,0
cable,0.5,93.33,46.66,0
pcb,31.121969229444765,101.44,3157.16,0
mixed_plastic,34.76905141571589,12.78,444.18,0
motor,52.3356377415403,40.21,2104.32,0
lcd_panel,124.51983662079172,38.35,4775.12,0
lcd_panel,100.26454410613923,53.09,5322.78,0
other,56.55300453998865,7.84,443.35,0
lcd_panel,63.032876815913696,42.19,2659.48,0
motor,67.73163706429702,56.11,3800.47,0
magnet_assembly,57.284241282293074,60.0,3437.08,0
cable,0.5,89.3,44.65,0
crt,62.63554946818134,27.67,1732.87,0
other,0.5,9.07,4.53,0
magnet_assembly,81.96113967518544,48.45,3971.07,0
crt,67.9172269351756,23.82,1617.99,0
magnet_assembly,62.9854716171761,42.45,2673.49,0
magnet_assembly,40.37313769999,67.4,2721.22,0
mixed_plastic,16.05214804893913,15.94,255.88,0
lcd_panel,56.30538233763776,42.25,2379.05,0
other,57.79820369648749,7.11,411.05,0
pcb,57.52293427967092,116.28,6689.04,0
crt,15.952780702100597,30.89,492.79,0
magnet_assembly,60.786711559491216,71.18,4326.52,0
other,44.78554876082605,7.06,316.0,0
lcd_panel,5.948540406406877,51.48,306.21,0
mixed_plastic,79.28604904218942,13.29,1053.99,0
mixed_plastic,65.50171425914192,10.69,700.06,0
lcd_panel,50.78811053911484,45.24,2297.48,0
other,47.67130994850596,7.73,368.29,0
crt,96.37074153910814,23.48,2262.88,0
cable,59.142544267995106,725.94,42933.85,1
other,25.408757051656607,8.31,211.08,0
cable,11.159727063574437,63.31,706.48,0
pcb,66.99197253907141,126.59,8480.76,0
mixed_plastic,14.949306032755047,15.34,229.37,0
battery,83.91204096517276,65.89,5528.61,0
other,3711.470262408378,10.0,37114.7,1
motor,49.01743171960464,55.16,2703.75,0
cable,25.986453639740517,76.1,1977.47,0
pcb,73.74157729172764,105.64,7790.42,0
motor,95.96112251993175,55.48,5324.24,0
crt,25.05763778803439,26.11,654.33,0
motor,98.94896170018885,43.78,4332.03,0
motor,21.91001830547426,58.68,1285.66,0
magnet_assembly,29.37530678710942,51.03,1498.98,0
pcb,57.467076963903594,122.66,7049.02,0
other,75.54173269070397,10.5,793.3,0
mixed_plastic,117.90495118837364,15.5,1827.35,0
cable,65.61113908238184,57.03,3741.49,0
other,20.635597950450347,11.85,244.45,0
battery,9119.448447120783,70.0,638361.39,1
battery,59.288777187014695,50.34,2984.89,0
mixed_plastic,93.81797938035798,11.47,1075.73,0
cable,46.59659337395916,83.08,3871.24,0
lcd_panel,0.5,49.36,24.68,0
battery,50.73009843424452,53.71,2724.46,0
pcb,71.92284632197044,90.49,6508.21,0
crt,55.17470684043249,33.25,1834.64,0
lcd_panel,0.5,45.5,22.75,0
crt,67.24038768520307,32.17,2162.79,0
battery,31.07929330916184,52.51,1631.92,0
cable,0.5,73.43,36.72,0
pcb,108.19304696586602,125.67,13596.89,0
pcb,0.5,98.07,49.03,0
lcd_panel,32.549478712798845,34.94,1137.28,0
crt,91.9246703707662,22.98,2112.41,0
magnet_assembly,56.04630981014432,65.7,3682.02,0
cable,0.5,68.0,34.0,0
other,0.5,8.15,4.08,0
mixed_plastic,19.249343598459177,12.4,238.78,0
pcb,148.54227728529037,127.01,18866.04,0
lcd_panel,45.643740194466716,371.3,16947.4,1
crt,25.990970795577162,21.48,558.29,0
pcb,77.13094801558972,130.51,10066.26,0
magnet_assembly,55.05697632498947,56.42,3106.44,0
battery,25.446919252250787,59.89,1523.93,0
lcd_panel,30.83186503215135,53.59,1652.21,0
other,92.09023734975855,7.16,659.65,0
pcb,38.68094892077002,117.42,4542.07,0
cable,92.11075758446341,71.79,6612.77,0
battery,0.5,54.81,27.4,0
lcd_panel,41.17736238930744,46.29,1906.25,0
motor,72.51417921828522,51.71,3749.64,0
mixed_plastic,44.49035758448292,17.13,762.06,0
cable,142.23786343870958,79.69,11334.59,0
mixed_plastic,0.5,11.48,5.74,0
other,81.00602429302654,10.44,846.09,0
cable,24.662967716997144,89.43,2205.55,0
mixed_plastic,58.299551914087274,14.73,858.79,0
pcb,67.82711628327695,116.79,7921.62,0
pcb,36.86237050684744,122.49,4515.25,0
pcb,44.56434457899279,143.62,6400.25,0
cable,69.59639705622325,74.65,5195.52,0
battery,36.52588140891438,72.46,2646.83,0
magnet_assembly,48.61743040624787,58.99,2868.14,0
crt,86.22870401989462,22.4,1931.68,0
magnet_assembly,83.93192717219472,60.26,5057.33,0
cable,75.93010625303477,94.74,7193.41,0
cable,27.61967124180103,74.45,2056.16,0
other,8181.953156371297,10.0,81819.53,1
mixed_plastic,80.5069455506622,16.99,1368.12,0
cable,82.71431512704419,66.1,5467.62,0
lcd_panel,88.47225890042479,50.88,4501.3,0
motor,2728.675319040412,50.0,136433.77,1
other,40.48168016237678,9.76,395.11,0
battery,30.01958321201969,61.89,1857.89,0
lcd_panel,61.71315374346734,37.66,2324.21,0
pcb,0.5,106.9,53.45,0
other,8.61557010363537,10.85,93.45,0
pcb,0.5,122.8,61.4,0
magnet_assembly,35.634679108116885,63.01,2245.19,0
mixed_plastic,9914.666294626202,15.0,148719.99,1
cable,44.67100989806903,68.75,3071.0,0
pcb,33.540678190281504,85.45,2865.94,0
lcd_panel,100.05002386098744,32.18,3220.0,0
battery,105.05336634708777,55.04,5781.66,0
mixed_plastic,52.09829547557776,13.79,718.68,0
cable,81.19314563020198,70.73,5742.86,0
battery,81.03910265624643,64.68,5241.45,0
motor,70.57904282126997,56.65,3998.53,0
pcb,11.75900149071807,123.64,1453.87,0
magnet_assembly,0.5,70.26,35.13,0
crt,8.913081665923883,21.21,189.08,0
magnet_assembly,63.98487890143946,46.86,2998.37,0
lcd_panel,75.1585643216211,48.53,3647.44,0
lcd_panel,0.5,46.62,23.31,0
magnet_assembly,87.50459374038391,51.87,4539.11,0
motor,30.368318975135757,40.64,1234.06,0
pcb,15.324616604661337,127.08,1947.46,0
magnet_assembly,48.81244838856086,58.85,2872.63,0
cable,0.5,62.99,31.49,0
pcb,16.976758333856374,122.03,2071.66,0
magnet_assembly,120.5447683100316,44.72,5390.75,0
motor,84.52351144020989,53.61,4531.34,0
cable,12.327399142106778,89.41,1102.19,0
battery,62.325098573445345,81.94,5106.91,0
cable,96.17619148473794,95.52,9186.65,0
battery,67.48370737029833,76.18,5141.07,0
other,29.445343138781098,7.26,213.85,0
lcd_panel,83.39466595583792,41.43,3454.96,0
crt,13.807816007952127,31.45,434.23,0
magnet_assembly,43.37717530872152,63.08,2736.18,0
pcb,0.5,134.08,67.04,0
pcb,6232.826141283508,120.0,747939.14,1
motor,0.5,56.86,28.43,0
pcb,37.973025582252696,97.69,3709.61,0
motor,0.5,56.31,28.15,0
crt,35.149705173184245,35.75,1256.47,0
crt,38.45567879993877,21.37,821.92,0
other,77.04419717179327,7.17,552.42,0
mixed_plastic,85.14937112190661,15.95,1358.18,0
magnet_assembly,0.5,51.72,25.86,0
battery,45.33714614186685,52.15,2364.28,0
magnet_assembly,58.566757645269995,46.16,2703.63,0
magnet_assembly,67.9666622093893,61.01,4146.78,0
magnet_assembly,17.37996946761276,43.42,754.67,0
cable,77.87235964641411,78.15,6085.98,0
lcd_panel,115.84923807239625,231.58,26828.22,1
other,65.12848650575572,9.16,596.85,0
cable,16.10922892524823,60.64,976.9,0
cable,60.48647841762778,74.94,4532.7,0
magnet_assembly,45.18333143920404,57.27,2587.48,0
mixed_plastic,69.76160076849601,13.17,918.85,0
crt,104.11768191082795,33.91,3530.53,0
battery,10.318318987300131,51.39,530.28,0
motor,65.30399837314907,38.51,2514.67,0
cable,19.972760517933782,68.51,1368.26,0
lcd_panel,70.57508546455428,40.58,2863.88,0
mixed_plastic,122.5618531623566,14.2,1740.52,0
pcb,53.31948774616972,134.55,7174.07,0
motor,16.962099476751632,45.1,765.02,0
mixed_plastic,2884.330915333883,15.0,43264.96,1
magnet_assembly,71.34780992024773,54.87,3914.54,0
motor,109.7181049101531,58.43,6410.52,0
motor,62.281569490072876,58.04,3615.02,0
lcd_panel,47.95056657871234,32.97,1580.72,0
battery,82.3364470773079,75.05,6179.4,0
cable,44.816755556320715,71.34,3197.16,0
crt,43.07570855503952,26.25,1130.59,0
cable,48.282592239877,73.45,3546.36,0
lcd_panel,96.68870933217491,37.21,3598.02,0
pcb,113.53788704960448,110.92,12593.26,0
mixed_plastic,43.783102698889614,13.66,598.03,0
cable,3.771697003323389,81.18,306.19,0
magnet_assembly,57.93184134857814,45.59,2641.05,0
cable,157.5190497522964,88.91,14005.11,0
crt,0.5,26.64,13.32,0
battery,20.61027146109163,75.69,1559.97,0
crt,51.89194972514912,26.48,1373.87,0
crt,77.78676496474338,31.26,2431.88,0
battery,0.5,53.57,26.79,0
crt,26.602803257268704,28.62,761.29,0
lcd_panel,77.6734254964287,34.13,2651.38,0
battery,38.41748514211549,64.54,2479.35,0
mixed_plastic,38.68760019829814,11.81,456.79,0
magnet_assembly,5446.089266893881,60.0,326765.36,1
cable,0.5,78.44,39.22,0
crt,24.422448773139664,22.22,542.61,0
other,0.5,10.42,5.21,0
magnet_assembly,20.440946725419067,67.46,1378.89,0
cable,120.04542389657773,80.39,9651.02,0
magnet_assembly,26.903912310822456,59.25,1594.13,0
crt,0.5,29.65,14.83,0
cable,109.60550088399364,69.74,7643.58,0
cable,78.41194314484139,72.63,5694.91,0
other,48.87326919390646,7.27,355.15,0
crt,45.78580245186558,35.96,1646.61,0
cable,10.46305668977211,69.64,728.61,0
motor,17.97084098654566,47.21,848.42,0
magnet_assembly,38.136132071224786,42.11,1605.76,0
lcd_panel,36.35628271433568,45.62,1658.69,0
magnet_assembly,90.87852620240014,66.0,5997.96,0
battery,67.51291514041148,603.97,40775.85,1
lcd_panel,83.41038268797726,48.52,4047.13,0
mixed_plastic,69.15353704417893,12.0,829.88,0
cable,0.5,87.32,43.66,0
pcb,153.08217318280128,133.97,20507.73,0
cable,56.97952797950944,58.92,3357.37,0
crt,85.01581246192553,205.12,17438.68,1
crt,0.5,31.68,15.84,0
other,72.81944344318762,9.82,715.38,0
lcd_panel,89.77658112830338,42.53,3818.46,0
battery,0.5,64.12,32.06,0
cable,28.743543954463,69.75,2004.81,0
crt,12.169134157068896,25.14,305.95,0
magnet_assembly,49.570298133968194,52.99,2626.72,0
pcb,53.95276884718337,113.73,6136.13,0
magnet_assembly,74.63173392845457,64.2,4791.06,0
lcd_panel,12.968613629455142,300.55,3897.69,1
mixed_plastic,120.68238297830806,17.25,2081.55,0
mixed_plastic,104.74925896834573,12.49,1308.68,0
crt,46.4066109147948,24.86,1153.89,0
battery,94.19988807217658,77.2,7271.98,0
cable,34.89875405760699,70.06,2444.93,0
motor,57.88473340490802,54.97,3182.16,0
pcb,57.50551417457014,139.73,8035.14,0
motor,56.40921458453624,36.63,2066.26,0
magnet_assembly,5.395102699651858,55.75,300.78,0
lcd_panel,0.5,52.4,26.2,0
magnet_assembly,42.13948342295324,62.98,2653.75,0
other,36.206009903738384,11.93,431.97,0
motor,143.1846993381485,57.14,8181.3,0
mixed_plastic,47.285731166477134,15.59,737.08,0
lcd_panel,38.97416585965172,39.58,1542.67,0
lcd_panel,33.72243314745662,35.29,1190.12,0
battery,110.36443874964365,62.32,6878.39,0
battery,93.73436131589114,51.7,4845.7,0
crt,6.53653965055841,32.22,210.62,0
other,21.944895791101775,9.67,212.22,0
other,8.719773746705059,11.43,99.71,0
other,16.07876948168181,7.59,122.07,0
other,88.72081819578936,9.23,819.3,0
other,28.220145823212523,11.43,322.43,0
magnet_assembly,16.793777800892705,55.93,939.24,0
cable,0.5,78.28,39.14,0
magnet_assembly,148.84988179644924,61.08,9091.93,0
cable,92.33899088475854,83.58,7717.93,0
other,61.76670152006409,10.26,633.74,0
lcd_panel,7.358465484584258,34.22,251.84,0
pcb,83.69954948940557,85.13,7125.1,0
battery,0.5,53.45,26.72,0
motor,35.07438095180012,47.42,1663.12,0
battery,73.18773856146277,58.61,4289.23,0
cable,61.41038448035606,84.56,5193.0,0
pcb,0.5,86.3,43.15,0
battery,82.40008456876379,239.68,19749.31,1
magnet_assembly,53.48424877223884,64.1,3428.47,0
crt,9.688629123292635,35.04,339.47,0
lcd_panel,25.364774083080764,43.14,1094.21,0
magnet_assembly,40.0745468484965,58.96,2362.74,0
pcb,18.983729665845207,126.4,2399.56,0
crt,132.38420879874735,32.98,4365.69,0
lcd_panel,20.38296077251494,50.8,1035.54,0
magnet_assembly,34.57905182225552,58.85,2034.92,0
cable,91.90083256439053,85.28,7837.66,0
cable,90.36331930417683,73.19,6614.08,0
other,93.12501583179088,9.38,873.88,0
cable,46.55131607970189,67.62,3147.92,0
mixed_plastic,32.04366450747975,14.37,460.36,0
mixed_plastic,33.75558571906387,16.3,550.21,0
cable,44.113893368912386,92.38,4075.27,0
magnet_assembly,15.636726250351131,50.71,793.01,0
mixed_plastic,47.697941190473614,16.29,776.88,0
magnet_assembly,27.059439179182863,68.12,1843.34,0
battery,42.06901133142714,49.43,2079.48,0
crt,55.42932170348408,31.06,1721.63,0
mixed_plastic,37.00923913032716,17.44,645.27,0
mixed_plastic,53.48849356202099,17.17,918.39,0
cable,9.712200498920865,70.27,682.49,0
motor,56.72922164734778,50.66,2873.97,0
crt,51.82517319951456,35.8,1855.53,0
pcb,43.20720111291204,112.07,4842.31,0
other,25.46928962852402,8.37,213.3,0
lcd_panel,31.61207427995597,42.54,1344.74,0
cable,26.40338415000268,67.92,1793.19,0
motor,63.24155611268854,49.99,3161.61,0
mixed_plastic,0.5,11.0,5.5,0
cable,49.59042408731102,88.72,4399.42,0
mixed_plastic,63.624893129520125,13.52,859.89,0
pcb,133.06881405236797,130.8,17405.1,0
motor,37.51395130656833,56.41,2116.32,0
battery,41.453952525540174,81.02,3358.71,0
battery,63.51303663727954,52.45,3330.96,0
cable,64.3171079993953,85.49,5498.64,0
crt,84.26379146906424,28.77,2424.27,0
other,33.04645144396643,7.39,244.13,0
magnet_assembly,0.5,57.54,28.77,0
motor,9.231356339618642,39.7,366.46,0
battery,22.28252005632074,52.44,1168.57,0
mixed_plastic,103.61926044691779,17.95,1860.0,0
pcb,59.04655649296776,89.28,5271.51,0
lcd_panel,8777.259656024862,45.0,394976.68,1
magnet_assembly,85.20990652199939,58.4,4975.87,0
mixed_plastic,57.88153617168261,16.14,934.12,0
crt,81.32514291578592,33.62,2734.4,0
crt,65.03945599949722,27.71,1802.45,0
battery,88.0060012084334,54.3,4778.52,0
cable,74.13563972719949,72.06,5342.26,0
magnet_assembly,17.99109058400385,70.4,1266.64,0
battery,27.89228184866012,78.32,2184.55,0
lcd_panel,65.15535151211344,46.22,3011.6,0
magnet_assembly,43.342159621202505,63.6,2756.55,0
pcb,52.339976975077825,90.92,4758.62,0
crt,86.60525317898652,34.29,2969.59,0
lcd_panel,35.083880125939615,37.45,1313.73,0
lcd_panel,73.5940655729857,40.5,2980.92,0
lcd_panel,90.88991115104128,42.98,3906.28,0
lcd_panel,73.44123880637781,41.58,3053.51,0
pcb,88.126144875167,96.53,8506.85,0
magnet_assembly,22.362367938244255,52.73,1179.2,0
pcb,109.08583946653992,124.73,13605.94,0
battery,78.28161690165075,71.43,5591.82,0
pcb,99.71307573307311,114.59,11426.36,0
crt,79.08671955568403,21.26,1681.37,0
motor,123.92160767083399,45.71,5664.28,0
pcb,89.6284338649634,135.81,12172.13,0
crt,0.5,34.81,17.4,0
cable,30.524125700431014,77.91,2378.28,0
other,45.18222513006035,9.77,441.38,0
lcd_panel,51.76291293173564,49.67,2571.06,0
pcb,45.89291324028408,128.73,5907.66,0
motor,20.285092414255118,38.43,779.48,0
magnet_assembly,74.89883664754984,52.2,3909.49,0
crt,66.52936323138672,30.89,2055.16,0
battery,43.1422390209189,59.12,2550.78,0
crt,11.386378418931265,35.52,404.48,0
cable,73.83939206877649,69.82,5155.23,0
mixed_plastic,62.480420504268636,16.42,1025.75,0
cable,24.89839989023709,94.96,2364.29,0
mixed_plastic,0.5,12.2,6.1,0
battery,0.5,71.11,35.55,0
other,64.65854982249907,7.57,489.32,0
motor,98.85694373567809,37.56,3713.52,0
pcb,21.686748870642596,119.24,2585.96,0
lcd_panel,22.518104575668197,35.02,788.48,0
crt,75.93595825097864,32.05,2433.81,0
motor,30.423430620223183,51.83,1576.99,0
mixed_plastic,0.5,10.6,5.3,0
magnet_assembly,71.75613934179333,54.09,3881.37,0
magnet_assembly,68.1649858468102,48.94,3335.67,0
cable,90.25933319961138,78.14,7052.5,0
motor,62.72206192715839,36.88,2313.12,0
mixed_plastic,43.53142735277581,14.14,615.35,0
mixed_plastic,52.5361404344197,16.85,885.23,0
motor,0.5,52.85,26.43,0
magnet_assembly,100.74855578306281,57.31,5773.69,0
magnet_assembly,82.31225834181225,57.08,4698.14,0
battery,48.440362544558994,51.39,2489.46,0
magnet_assembly,58.99844606730948,49.94,2946.56,0
pcb,62.8309570679364,135.72,8527.21,0
lcd_panel,0.5,42.0,21.0,0
crt,73.13192092041075,32.77,2396.65,0
mixed_plastic,0.5,13.17,6.58,0
other,40.81204034571675,8.61,351.51,0
other,70.07600934802687,11.49,805.25,0
crt,48.84733593645507,21.59,1054.48,0
magnet_assembly,43.53280291142018,62.04,2700.59,0
crt,41.19785970513221,26.62,1096.74,0
crt,0.5,29.0,14.5,0
other,84.31794398497374,9.06,763.52,0
pcb,57.48736109954337,86.36,4964.8,0
lcd_panel,39.1749301383897,46.09,1805.51,0
motor,57.48428400500367,44.77,2573.5,0
crt,65.53698454710026,30.27,1983.74,0
mixed_plastic,39.28955455817632,12.1,475.58,0
motor,0.5,40.35,20.17,0
motor,5233.559036871051,50.0,261677.95,1
battery,40.749029385496954,56.34,2295.96,0
mixed_plastic,49.0960866782039,11.22,550.74,0
mixed_plastic,89.59197383710044,12.84,1150.15,0
motor,40.16018646577197,58.97,2368.14,0
cable,67.86814443236577,56.69,3847.18,0
motor,5.450179183125023,52.11,283.98,0
battery,103.80074625086323,55.59,5769.88,0
battery,44.18641149426308,73.52,3248.65,0
battery,9885.068960701632,70.0,691954.83,1
lcd_panel,86.28071854678616,47.09,4062.75,0
pcb,70.67020107959465,123.58,8733.7,0
battery,16.56914090700758,305.09,5055.02,1
magnet_assembly,63.226571404085696,48.77,3083.86,0
other,67.13309656677691,11.06,742.21,0
other,0.5,10.92,5.46,0
other,17.50569774755857,9.49,166.07,0
lcd_panel,3.561174170920694,39.5,140.66,0
mixed_plastic,53.5894784060768,17.52,938.64,0
cable,73.85342913774676,77.09,5693.51,0
magnet_assembly,35.45648492726285,58.54,2075.79,0
mixed_plastic,58.83203978370146,16.17,951.19,0
cable,65.99986211774426,90.85,5996.15,0
magnet_assembly,56.63436107194691,59.56,3373.4,0
mixed_plastic,54.998687631667394,16.08,884.27,0
pcb,1.634074684828832,102.23,167.05,0
lcd_panel,82.90729706296575,53.37,4424.84,0
lcd_panel,63.41269025589231,31.53,1999.38,0
lcd_panel,107.08035610796246,53.5,5729.08,0
battery,64.85604343728942,65.31,4235.67,0
motor,43.75945362306979,41.68,1824.05,0
mixed_plastic,100.28339568421383,10.87,1089.87,0
cable,38.91315560069313,70.72,2751.97,0
mixed_plastic,48.268816484474655,12.78,616.84,0
battery,65.40850609037417,57.12,3736.06,0
other,8610.153913397011,10.0,86101.54,1
battery,6.426294491515748,76.36,490.71,0
motor,94.33778406891571,54.78,5167.83,0
cable,22.394546723295736,90.85,2034.44,0
battery,40.55502600098045,71.52,2900.56,0
pcb,9.247792096371455,92.2,852.66,0
cable,17.41257387049319,74.16,1291.27,0
lcd_panel,70.07768751828768,41.19,2886.74,0
motor,127.50975053079075,37.21,4744.36,0
lcd_panel,0.5,367.73,183.87,1
mixed_plastic,0.5,14.3,7.15,0
other,0.5,10.5,5.25,0
lcd_panel,82.66131967453632,33.17,2741.78,0
lcd_panel,86.81405599087765,43.02,3734.36,0
magnet_assembly,0.5,62.03,31.01,0
lcd_panel,54.62386954719632,53.02,2896.29,0
pcb,48.80934046654393,106.44,5195.5,0
battery,52.344356694871706,64.14,3357.5,0
battery,0.8868573577203165,79.53,70.54,0
magnet_assembly,26.76899465257524,61.45,1644.82,0
battery,55.427418138276686,81.04,4491.98,0
magnet_assembly,29.472624763045445,43.61,1285.33,0
cable,29.281384620220635,82.47,2414.85,0
cable,75.0956829633474,66.27,4976.57,0
battery,45.84321954084645,59.72,2737.91,0
mixed_plastic,81.24317806998934,17.94,1457.33,0
motor,0.5,49.53,24.77,0
pcb,21.28587142583858,138.13,2940.25,0
cable,81.83455249364906,67.41,5516.17,0
crt,8.815561156423975,33.17,292.42,0
mixed_plastic,59.07727775200991,14.96,883.71,0
other,18.68567989671635,7.48,139.75,0
pcb,39.80331122533637,138.9,5528.86,0
cable,107.22488822914177,82.68,8865.29,0
mixed_plastic,91.75827232036477,13.43,1232.46,0
lcd_panel,27.302108750865933,44.05,1202.59,0
mixed_plastic,122.06113631328745,14.82,1808.72,0
cable,97.00631305176566,80.15,7774.65,0
crt,33.6450652638364,32.66,1098.85,0
pcb,68.86113936700957,88.9,6121.91,0
cable,39.804015380446195,90.96,3620.71,0
motor,24.7012633475946,43.97,1086.09,0
crt,10.329094156826407,22.18,229.13,0
pcb,30.534752472429233,116.28,3550.44,0
battery,49.59177598436269,74.27,3683.02,0
mixed_plastic,110.61272377295208,15.59,1724.19,0
mixed_plastic,28.329070559535925,10.89,308.51,0
battery,32.16818744692732,81.1,2608.73,0
other,5640.413638465108,10.0,56404.14,1
lcd_panel,80.9272605124055,212.91,17230.51,1
lcd_panel,15.083852986940094,45.07,679.89,0
mixed_plastic,102.93673100591919,11.31,1163.83,0
crt,0.5,28.26,14.13,0
battery,97.47690672941748,79.22,7721.69,0
lcd_panel,133.44458830928386,38.12,5087.29,0
mixed_plastic,16.09491150012463,16.11,259.26,0
magnet_assembly,82.74378473372853,49.57,4101.89,0
crt,58.677773103829864,31.24,1833.17,0
pcb,76.19165046672532,143.24,10913.6,0
other,22.103586067508914,7.7,170.17,0
mixed_plastic,64.302034539474,11.53,741.22,0
other,61.59299355499432,39.86,2455.22,1
lcd_panel,32.0033101519446,32.62,1044.1,0
motor,92.72012427719368,37.31,3459.44,0
motor,0.5,36.81,18.4,0
crt,16.061699108280372,30.2,484.99,0
battery,52.041717133529836,80.75,4202.32,0
other,119.57937882074755,8.11,969.36,0
lcd_panel,52.18661673618453,40.31,2103.39,0
magnet_assembly,5.821926885800153,56.04,326.27,0
lcd_panel,67.34166441890117,52.89,3562.01,0
battery,81.9841514120831,66.08,5417.36,0
crt,97.67823870571891,24.73,2415.39,0
mixed_plastic,2226.279426327838,15.0,33394.19,1
crt,24.471479707814726,21.82,533.87,0
battery,75.06694448413361,72.36,5431.67,0
lcd_panel,93.00126423932818,34.89,3244.96,0
pcb,65.70413324229172,100.6,6609.66,0
pcb,0.5,140.12,70.06,0
crt,64.24997282790301,30.2,1940.07,0
motor,35.069169706765905,46.7,1637.59,0
lcd_panel,75.48733301628849,36.14,2728.31,0
mixed_plastic,16.955339938386096,17.23,292.13,0
cable,112.6164155930501,73.2,8244.05,0
lcd_panel,13.857895657534584,38.09,527.8,0
crt,63.53263326981394,23.92,1519.51,0
motor,4.624752968603715,47.03,217.48,0
magnet_assembly,0.5,56.2,28.1,0
battery,23.618736622025537,54.55,1288.39,0
mixed_plastic,115.87168435021249,11.25,1304.07,0
cable,42.8732763881371,56.1,2405.24,0
cable,1.3459046970383781,80.56,108.43,0
crt,29.892452031681536,33.82,1010.91,0
motor,47.51279782717692,43.81,2081.63,0
pcb,40.480967475004164,109.05,4414.5,0
cable,75.03838595124657,63.69,4779.47,0
crt,59.362639642227194,27.83,1651.78,0
pcb,0.5,137.04,68.52,0
lcd_panel,34.2719598527124,42.57,1458.89,0
magnet_assembly,53.08314445525974,48.24,2560.55,0
magnet_assembly,92.22776995532598,56.04,5168.63,0
magnet_assembly,110.94407254766587,66.86,7417.52,0
other,23.481772406607945,7.86,184.48,0
battery,110.35675577067613,56.18,6200.29,0
cable,94.73352547172512,90.66,8588.95,0
other,0.5,10.92,5.46,0
crt,6.672462133358003,23.51,156.87,0
motor,0.5,56.8,28.4,0
pcb,31.173030549634518,84.66,2639.05,0
battery,64.87809354841623,80.8,5242.24,0
magnet_assembly,37.485053335251266,59.23,2220.35,0
other,121.17412503043911,9.87,1196.13,0
other,84.43317361259673,7.58,640.23,0
pcb,34.286857843294975,140.52,4817.91,0
motor,92.89766380639695,57.95,5383.68,0
magnet_assembly,7055.930753051751,60.0,423355.85,1
mixed_plastic,115.76299752160676,17.11,1980.83,0
magnet_assembly,0.5,63.53,31.77,0
battery,67.21450566025992,54.95,3693.16,0
motor,88.21554284719403,222.31,19610.86,1
other,2.0987075493935166,10.48,21.99,0
mixed_plastic,45.50896525399325,15.12,688.04,0
crt,16.519196142355398,31.6,522.01,0
mixed_plastic,70.419100752232,13.89,978.35,0
battery,116.15870163112166,298.51,34674.22,1
cable,114.87494991140206,65.5,7524.87,0
crt,29.206634170990956,34.02,993.67,0
battery,71.12144018191857,66.9,4758.17,0
motor,19.262579323860287,56.27,1083.82,0
motor,80.31447873745506,42.77,3434.79,0
pcb,39.045408263718265,115.1,4494.3,0
pcb,49.59166813557848,120.95,5998.32,0
pcb,61.26962193865155,106.12,6501.97,0
motor,35.31909541113433,50.93,1798.89,0
cable,34.38363254313467,57.45,1975.21,0
other,90.07324845046125,9.07,817.09,0
battery,66.02011827451082,79.34,5238.07,0
magnet_assembly,71.61536191094659,287.25,20571.77,1
lcd_panel,127.45108450578253,46.79,5963.97,0
battery,7.938750656612193,50.48,400.77,0
crt,0.5,26.49,13.24,0
lcd_panel,93.45920491561527,45.93,4292.13,0
mixed_plastic,67.83039404868515,17.34,1176.07,0
crt,59.54951701165426,28.77,1713.52,0
mixed_plastic,0.5,14.84,7.42,0
pcb,0.5,845.02,422.51,1
motor,74.50858924786267,42.21,3144.67,0
cable,79.7010782874391,71.26,5679.74,0
mixed_plastic,20.97772467962125,13.53,283.79,0
other,38.54406073996175,8.35,321.92,0
pcb,29.94339812366007,140.67,4212.12,0
pcb,85.14936692012762,89.94,7658.43,0
motor,27.93998376041358,41.86,1169.56,0
cable,31.970388907889934,68.06,2175.81,0
motor,0.5,44.37,22.19,0
crt,81.24701345150396,23.6,1917.8,0
crt,41.38446844559694,109.16,4517.64,1
mixed_plastic,120.27832693671536,11.97,1440.12,0
mixed_plastic,43.631944200837644,17.49,763.27,0
magnet_assembly,12.205209108169818,544.05,6640.25,1
mixed_plastic,54.95831730023585,12.02,660.52,0
mixed_plastic,0.5,17.96,8.98,0
motor,120.59303535166944,55.22,6658.57,0
mixed_plastic,19.029203103837812,15.95,303.53,0
other,41.053337127862235,10.36,425.47,0
mixed_plastic,43.127581447893036,11.55,498.21,0
motor,44.13472903825591,48.59,2144.38,0
crt,36.5942744488723,23.83,872.0,0
lcd_panel,44.58663064307561,41.27,1840.1,0
pcb,84.98892729608538,107.25,9115.05,0
pcb,77.22296638607489,101.84,7864.24,0
motor,86.9588571148649,58.23,5063.94,0
battery,0.5,57.25,28.62,0
pcb,55.15808191782196,102.34,5645.06,0
motor,48.879761456725916,49.22,2405.88,0
motor,40.4235129726187,38.83,1569.55,0
pcb,28.133190300402365,84.29,2371.29,0
crt,38.08984260667096,24.48,932.27,0
pcb,25.362947628942326,134.42,3409.29,0
magnet_assembly,70.88074442396598,44.36,3144.36,0
lcd_panel,32.819766210528854,38.55,1265.31,0
pcb,8.26645193825594,136.25,1126.3,0
other,81.36845213769426,8.17,664.81,0
cable,0.5,90.0,45.0,0
battery,67.60294380940721,77.96,5270.37,0
other,37.24086790645786,8.36,311.32,0
cable,0.5,94.49,47.25,0
other,39.1776281574919,8.99,352.33,0
battery,50.64588190209086,60.76,3077.38,0
crt,52.38660742586191,35.87,1878.91,0
lcd_panel,0.5,37.48,18.74,0
magnet_assembly,38.19989165931456,64.4,2460.19,0
pcb,46.10059096091765,95.05,4381.94,0
cable,6344.9464415780685,80.0,507595.72,1
lcd_panel,53.70972263118209,35.38,1900.26,0
mixed_plastic,94.75107261013186,15.01,1422.14,0
motor,39.59879302048915,36.62,1449.97,0
cable,63.30166361825773,91.16,5770.74,0
mixed_plastic,0.5,16.11,8.05,0
lcd_panel,9.67573972958288,31.53,305.08,0
other,53.39891850543309,11.86,633.1,0
magnet_assembly,30.34946374896677,61.45,1865.06,0
motor,85.56265304684607,55.88,4781.59,0
motor,76.46914940086388,58.3,4457.97,0
cable,136.3085721775187,83.15,11334.58,0
battery,69.6801621641184,52.62,3666.26,0
lcd_panel,4.757254802601153,41.34,196.66,0
lcd_panel,123.24588301018527,44.36,5466.79,0
cable,76.7873795726602,78.86,6055.26,0
other,90.79475714006924,10.4,944.04,0
pcb,68.61070427088582,135.78,9316.07,0
mixed_plastic,7.349185144515943,10.92,80.22,0
other,17.22838857694323,9.83,169.31,0
pcb,0.5,105.84,52.92,0
lcd_panel,69.22050495061488,51.03,3532.06,0
cable,5.564264286552181,79.65,443.22,0
lcd_panel,79.08766121399206,40.08,3170.03,0
lcd_panel,0.5,35.2,17.6,0
motor,8.57189288747555,316.77,2715.31,1
cable,61.27992179583832,65.31,4001.9,0
other,107.71420279245135,11.85,1276.37,0
battery,64.99221989093749,51.78,3365.4,0
crt,0.5,30.11,15.06,0
battery,18.702211452862734,68.38,1278.85,0
pcb,104.5762469419147,130.22,13618.42,0
mixed_plastic,30.513312678834218,13.09,399.31,0
crt,0.5,23.76,11.88,0
crt,55.59859243693939,31.5,1751.16,0
battery,68.41230062166008,65.08,4452.3,0
battery,125.94107413424271,59.93,7547.42,0
battery,54.15082084323034,73.15,3961.12,0
lcd_panel,26.683991953862666,37.41,998.12,0
other,95.09817468490198,8.02,762.63,0
mixed_plastic,0.5,13.01,6.51,0
lcd_panel,68.32062205959423,48.8,3334.36,0
pcb,15.775911127690364,84.48,1332.8,0
mixed_plastic,76.81469623494075,13.41,1029.84,0
battery,48.33137012867683,51.3,2479.19,0
motor,0.5,334.02,167.01,1
crt,30.582345235836012,30.87,943.98,0
crt,5.620978206410257,27.68,155.61,0
cable,36.72884912911511,79.84,2932.35,0
other,0.5,9.36,4.68,0
battery,60.944583246628206,79.27,4830.93,0
mixed_plastic,6933.698646137079,15.0,104005.48,1
pcb,128.54211334175264,110.26,14172.52,0
magnet_assembly,63.40642266140471,61.85,3921.49,0
other,120.36866414249715,11.64,1400.93,0
lcd_panel,31.909166432257734,52.36,1670.92,0
pcb,76.91027148797687,87.36,6718.79,0
lcd_panel,2.857088609193056,46.5,132.87,0
motor,9.075274815532204,39.86,361.73,0
cable,25.609254844412984,57.85,1481.6,0
lcd_panel,56.622647716575585,34.25,1939.36,0
cable,67.1409318298837,77.91,5230.92,0
other,0.5,9.3,4.65,0
battery,0.5,62.66,31.33,0
battery,29.57264247217397,79.58,2353.5,0
lcd_panel,84.86897696736546,46.39,3936.96,0
cable,105.11897335701656,60.06,6313.75,0
mixed_plastic,135.94825175748207,15.78,2145.42,0
crt,75.22176834733808,23.83,1792.81,0
pcb,26.3912104828257,114.89,3031.98,0
cable,112.36445012352479,75.36,8467.35,0
magnet_assembly,72.06158077020724,48.8,3516.83,0
mixed_plastic,111.53602964892974,12.64,1410.03,0
magnet_assembly,20.66515382314281,59.77,1235.22,0
mixed_plastic,70.22031030367182,11.65,818.28,0
lcd_panel,49.21940788993194,53.37,2626.65,0
lcd_panel,19.29047925482472,52.21,1007.13,0
magnet_assembly,19.534190442569454,45.16,882.15,0
motor,0.5,58.48,29.24,0
motor,63.46849181682445,37.82,2400.54,0
motor,34.528266485706965,44.45,1534.92,0
pcb,49.730553755435906,102.55,5100.11,0
mixed_plastic,36.89525335737937,14.17,522.79,0
crt,79.27856549577268,27.37,2169.87,0
cable,49.23358009673433,89.8,4421.39,0
motor,29.028735613668193,54.74,1588.93,0
mixed_plastic,100.18979349350614,16.14,1616.93,0
battery,100.06115476855597,52.65,5268.7,0
motor,81.79034089887736,50.32,4115.8,0
lcd_panel,130.25634550851748,42.73,5566.31,0
crt,28.8556014304903,21.02,606.58,0
other,126.09132561415885,9.78,1233.77,0
magnet_assembly,74.82847012420713,56.14,4200.65,0
lcd_panel,0.5,33.13,16.56,0
battery,9408.49651614114,70.0,658594.76,1
lcd_panel,56.6746098976662,44.07,2497.46,0
other,48.07947467436595,7.26,349.12,0
magnet_assembly,90.70577888975068,65.68,5957.84,0
magnet_assembly,1.4882301172576646,55.46,82.53,0
crt,0.5,23.53,11.76,0
lcd_panel,11.046866563671792,52.79,583.11,0
battery,20.340182903573307,64.06,1302.93,0
motor,10.370523250348633,41.17,426.98,0
other,47.431848201891455,11.68,554.23,0
cable,5.234967516787528,68.68,359.54,0
cable,5.128079056092886,59.39,304.54,0
crt,17.653598333691463,35.21,621.56,0
battery,78.83374408522742,55.59,4382.09,0
other,0.5,10.95,5.47,0
motor,5.031996122120873,55.7,280.27,0
mixed_plastic,34.44760858162507,15.43,531.39,0
crt,75.34587856285552,30.58,2303.74,0
motor,15.42278745305849,41.92,646.56,0
pcb,77.71103078832951,103.09,8011.42,0
lcd_panel,89.79474775151753,41.95,3767.26,0
crt,28.64621424740326,21.84,625.56,0
crt,0.5,28.33,14.16,0
battery,17.075639715379452,62.6,1069.01,0
crt,72.69025608232,34.19,2485.27,0
lcd_panel,76.57813537439014,33.92,2597.18,0
cable,76.68875757218113,56.55,4336.53,0
motor,89.34944175614255,54.21,4843.94,0
magnet_assembly,79.04959493083858,64.25,5078.8,0
crt,11.456343799171172,24.79,284.03,0
cable,0.5,85.82,42.91,0
lcd_panel,68.77071210014535,51.63,3550.63,0
other,0.5,8.51,4.25,0
motor,108.10612313538772,55.14,5961.41,0
pcb,0.5,102.72,51.36,0
cable,4.698916298971881,82.11,385.82,0
cable,112.1131728079537,75.62,8477.82,0
pcb,2059.2276691591305,120.0,247107.32,1
crt,161.2748722151698,27.47,4430.49,0
magnet_assembly,81.81069145997257,66.95,5476.9,0
pcb,38.917000952549415,133.86,5209.46,0
mixed_plastic,47.15357784232203,14.48,682.95,0
other,34.42641169313366,7.8,268.58,0
cable,0.5,91.04,45.52,0
cable,0.5,68.23,34.12,0
mixed_plastic,17.76052412759266,12.98,230.62,0
battery,45.67345459242544,67.12,3065.81,0
motor,38.897107657617255,45.05,1752.46,0
battery,13.901965476250986,53.88,749.04,0
motor,11.098396130269855,37.59,417.16,0
battery,19.6190098696089,50.35,987.83,0
cable,68.23168252213407,86.58,5907.22,0
crt,95.7574525352779,32.41,3103.52,0
pcb,87.41568600198511,91.36,7986.68,0
lcd_panel,35.81637469988075,45.42,1626.72,0
mixed_plastic,28.177895890524525,14.37,404.99,0
pcb,33.758833823491386,92.35,3117.69,0
magnet_assembly,5788.317175191124,60.0,347299.03,1
battery,19.86481676930435,81.7,1622.86,0
motor,7967.37695593819,50.0,398368.85,1
motor,0.5,36.75,18.38,0
motor,95.15330987773788,56.83,5407.1,0
mixed_plastic,94.43012689658568,16.96,1601.75,0
battery,80.20739895215773,52.27,4192.62,0
battery,45.45985562177222,78.77,3581.09,0
pcb,63.39544556485051,91.02,5770.42,0
mixed_plastic,31.71944720591209,15.35,486.88,0
mixed_plastic,59.016405705199695,14.83,875.24,0
other,52.66961291719487,8.11,427.35,0
pcb,64.99457116537457,125.11,8131.56,0
lcd_panel,58.66878568491532,51.65,3030.39,0
other,0.5,8.97,4.49,0
crt,41.29463572361763,33.56,1385.69,0
lcd_panel,16.239632619514495,46.86,760.96,0
magnet_assembly,24.64026146973943,44.32,1092.17,0
motor,35.60126314303502,44.03,1567.56,0
pcb,82.29561642615613,107.93,8882.18,0
motor,44.12172898251217,41.73,1840.99,0
lcd_panel,108.85259911039782,40.24,4380.04,0
other,47.35353784777669,11.9,563.72,0
crt,7.558533070712592,29.61,223.78,0
magnet_assembly,100.46335062086942,55.28,5553.33,0
lcd_panel,27.122858152062687,36.38,986.65,0
magnet_assembly,82.61296667236057,55.9,4618.42,0
crt,0.5,23.86,11.93,0
other,0.5,10.84,5.42,0
battery,76.34206408016043,49.91,3810.19,0
other,0.5,11.01,5.51,0
pcb,26.327084931788555,138.68,3650.94,0
mixed_plastic,40.906896507426566,12.98,530.87,0
crt,0.5,28.38,14.19,0
other,68.01275307122896,11.92,810.95,0
motor,128.5247214064417,42.5,5462.02,0
other,0.5,8.22,4.11,0
mixed_plastic,76.80939362367037,10.5,806.64,0
crt,33.46948324293207,29.89,1000.55,0
pcb,110.98805474091697,121.72,13509.26,0
mixed_plastic,0.5,12.11,6.06,0
motor,2330.4651353717186,50.0,116523.26,1
mixed_plastic,88.64501302121245,12.88,1141.36,0
mixed_plastic,93.71836443586673,17.81,1669.08,0
crt,88.81850547626664,27.09,2406.14,0
lcd_panel,9.269843943290859,38.18,353.88,0
battery,6.561473170331745,71.45,468.82,0
pcb,0.9148345235991755,100.95,92.35,0
pcb,66.10559827968015,88.29,5836.16,0
motor,52.39411845518737,51.15,2679.97,0
cable,43.09794969940529,85.17,3670.63,0
other,62.85835143563702,7.14,449.06,0
crt,18.361844778463432,24.73,454.01,0
lcd_panel,8.458365718569766,32.86,277.96,0
motor,94.51192782451626,57.17,5403.18,0
cable,63.39934221991699,76.45,4847.07,0
pcb,123.59643996675533,142.37,17596.93,0
mixed_plastic,66.46900428964967,13.57,902.07,0
other,9.43139964812687,8.6,81.12,0
other,60.480662974339026,7.08,428.03,0
cable,87.33691817903457,84.5,7380.34,0
crt,38.05287747820301,21.2,806.86,0
battery,78.3579333116021,61.34,4806.18,0
magnet_assembly,31.33512546060923,66.87,2095.42,0
magnet_assembly,35.25979151375594,44.83,1580.58,0
mixed_plastic,36.15582912879939,13.75,497.16,0
pcb,83.98579130826607,139.79,11740.21,0
cable,3.3691753133213282,75.57,254.62,0
pcb,124.27374651396688,122.69,15247.31,0
cable,81.31227299969694,74.73,6076.39,0
crt,86.96044229028689,35.66,3101.19,0
lcd_panel,94.17910815349866,32.04,3017.09,0
magnet_assembly,44.91365612500463,43.39,1948.73,0
other,38.59246213025362,7.4,285.67,0
pcb,88.30071110573304,135.47,11961.7,0
mixed_plastic,84.41330237666881,14.55,1227.86,0
pcb,0.5,125.29,62.65,0
motor,12.216931203163654,58.22,711.21,0
pcb,76.23535962765558,92.95,7086.28,0
mixed_plastic,46.39244000301936,17.61,816.83,0
motor,90.8196879976633,53.97,4901.25,0
magnet_assembly,125.37724071621201,57.4,7196.2,0
pcb,24.64034166157068,112.8,2779.41,0
mixed_plastic,47.674760747931124,16.5,786.49,0
lcd_panel,55.285101426263,33.65,1860.32,0
mixed_plastic,45.829827387341815,15.97,732.02,0
magnet_assembly,101.51323154700229,67.05,6806.32,0
pcb,31.656561288485758,130.23,4122.52,0
magnet_assembly,48.252526935596045,62.77,3028.59,0
mixed_plastic,17.847325661750503,10.71,191.1,0
other,19.737655518452407,9.25,182.52,0
mixed_plastic,0.5,15.78,7.89,0
pcb,3737.9725798470436,120.0,448556.71,1
crt,78.330648786296,21.07,1650.21,0
crt,81.02701198462756,21.64,1753.75,0
pcb,23.58121920166816,112.55,2654.01,0
mixed_plastic,59.51523080798593,15.28,909.12,0
magnet_assembly,19.442103910225907,61.61,1197.9,0
mixed_plastic,20.79953908542056,58.29,1212.31,1
cable,97.48195685072622,70.81,6902.36,0
magnet_assembly,31.270739889185503,68.61,2145.42,0
mixed_plastic,85.99116813305253,15.47,1330.53,0
magnet_assembly,0.5,68.65,34.32,0
pcb,53.43706437329625,106.35,5682.93,0
cable,70.21678236297967,88.31,6200.68,0
mixed_plastic,40.11682252769122,13.23,530.71,0
lcd_panel,4.813301627578525,37.61,181.04,0
pcb,43.85997217720865,103.73,4549.59,0
battery,9616.467346377685,70.0,673152.71,1
crt,86.27137066701718,27.94,2410.63,0
pcb,66.23401066771596,108.29,7172.73,0
battery,90.04972032373033,81.35,7325.39,0
lcd_panel,81.75197838039462,41.73,3411.36,0
battery,0.5,78.03,39.02,0
other,78.48746630508148,11.6,910.6,0
other,84.47376828239993,9.85,832.39,0
magnet_assembly,79.48159878555067,45.2,3592.4,0
mixed_plastic,57.895809410571104,15.34,888.33,0
crt,51.72483539882595,21.95,1135.16,0
motor,23.18384881424138,38.05,882.17,0
magnet_assembly,17.02246248820901,55.13,938.52,0
other,0.5,10.14,5.07,0
other,71.54012626556174,11.14,796.86,0
pcb,129.74808272595018,106.83,13861.58,0
pcb,67.78070174931807,95.07,6443.64,0
mixed_plastic,40.933511851040016,13.82,565.53,0
lcd_panel,75.96590884281682,49.58,3766.74,0
pcb,5.611166868270622,104.92,588.73,0
battery,40.536155838526085,77.87,3156.47,0
mixed_plastic,73.39813972345777,11.77,863.97,0
motor,52.26826595357062,56.51,2953.72,0
battery,118.88403233981356,50.5,6003.34,0
motor,0.5,36.54,18.27,0
lcd_panel,74.20532063035797,36.33,2696.22,0
other,38.788691476912774,7.25,281.14,0
motor,127.99826077549363,55.13,7056.8,0
battery,56.13300717049032,56.45,3168.7,0
crt,38.89525203453928,22.1,859.61,0
other,2842.34286604756,10.0,28423.43,1
battery,82.73621599397742,56.67,4688.36,0
pcb,34.81136719141247,103.12,3589.82,0
other,37.41594210231804,9.26,346.32,0
magnet_assembly,111.20742495186244,42.45,4720.62,0
crt,29.382428342561695,34.28,1007.21,0
magnet_assembly,7044.867773204875,60.0,422692.07,1
other,36.167143077158215,8.89,321.59,0
cable,64.83890233874463,75.8,4914.56,0
pcb,11.113271754038522,109.61,1218.1,0
cable,0.5,70.43,35.22,0
motor,92.3997247761593,38.56,3563.08,0
crt,89.09503034217653,29.82,2656.89,0
other,71.09159675349308,8.65,614.61,0
magnet_assembly,35.04343415779157,50.55,1771.33,0
motor,62.81904609041867,53.86,3383.64,0
mixed_plastic,0.5,12.81,6.4,0
crt,52.84856829328476,29.56,1562.26,0
motor,58.54433033281294,37.89,2218.41,0
mixed_plastic,47.91956876731819,13.88,665.32,0
lcd_panel,21.263070412606254,46.8,995.02,0
other,31.423928743603568,11.71,367.88,0
cable,106.95595748987405,69.66,7450.99,0
motor,41.22143610620944,38.26,1577.32,0
lcd_panel,40.566889470170835,32.46,1316.62,0
magnet_assembly,106.55098909971709,71.48,7615.89,0
other,33.58975856315652,7.45,250.19,0
cable,77.67784111376906,83.08,6453.58,0
mixed_plastic,55.94890363016153,11.38,636.45,0
crt,30.980610352422286,25.08,776.87,0
magnet_assembly,23.446675886972386,57.42,1346.28,0
mixed_plastic,39.644221191293866,16.78,665.33,0
cable,50.466169513299874,56.82,2867.63,0
mixed_plastic,37.83576540706747,15.59,590.04,0
pcb,75.90233657574484,114.97,8726.3,0
other,85.69508539539632,11.4,976.61,0
magnet_assembly,0.5,51.46,25.73,0
magnet_assembly,33.61922124890121,64.56,2170.29,0
battery,81.99909871656253,75.53,6193.21,0
motor,24.343368399062634,50.37,1226.24,0
battery,94.42710736216368,67.98,6419.57,0
motor,79.52178117566288,35.73,2841.12,0
cable,38.637281593440214,75.37,2912.1,0
other,24.37367909588947,7.69,187.32,0
crt,93.62070698970675,30.73,2877.04,0
lcd_panel,92.77789552496759,49.31,4575.25,0
lcd_panel,49.83429660223382,309.81,15439.01,1
cable,89.74961051471828,56.89,5105.86,0
crt,39.876526359435566,29.39,1172.01,0
magnet_assembly,40.2935992469544,65.61,2643.47,0
magnet_assembly,45.82513580615191,47.72,2186.95,0
magnet_assembly,65.154875427571,50.08,3263.02,0
cable,66.99541213573899,64.15,4297.48,0
mixed_plastic,143.32065673010754,14.3,2048.77,0
cable,101.83711446295003,66.76,6798.26,0
pcb,53.78780070859244,115.97,6237.74,0
lcd_panel,62.99686964112125,41.36,2605.83,0
crt,95.7663388716766,26.32,2520.43,0
other,0.5,11.26,5.63,0
other,80.74461750667847,11.85,956.55,0
battery,51.452293669662374,72.69,3739.85,0
magnet_assembly,89.72345530930718,47.64,4274.82,0
motor,25.05229547359604,57.28,1434.9,0
battery,45.685400060282156,81.22,3710.39,0
magnet_assembly,57.273051503210326,67.26,3852.37,0
mixed_plastic,20.450450987802895,14.53,297.13,0
cable,24.918885926784217,76.67,1910.44,0
other,0.5,7.19,3.6,0
cable,49.25263476501313,95.11,4684.63,0
pcb,64.68799195101552,87.92,5687.06,0
magnet_assembly,48.741145191852645,70.33,3427.87,0
magnet_assembly,69.38117931593209,70.09,4863.24,0
lcd_panel,90.20698817473294,45.58,4111.36,0
other,0.5,10.7,5.35,0
crt,134.15045907783175,34.89,4680.67,0
other,104.38873824579223,8.05,840.69,0
cable,0.5,94.97,47.49,0
magnet_assembly,44.75057562613826,60.51,2707.72,0
lcd_panel,57.83580471374673,32.35,1871.14,0
magnet_assembly,70.34602174189676,49.64,3492.24,0
pcb,88.8086296908487,143.76,12767.55,0
magnet_assembly,38.89720371985233,48.57,1889.31,0
cable,71.82726552761343,56.05,4026.12,0
battery,20.752630363438392,66.77,1385.63,0
motor,0.5,55.09,27.55,0
crt,128.35041491841042,27.15,3485.29,0
cable,27.29405429140205,72.71,1984.54,0
pcb,29.87345923814573,105.55,3153.04,0
cable,9.45576630582125,71.79,678.87,0
crt,26.920429336313347,29.91,805.13,0
other,98.81884492746892,10.75,1061.94,0
other,50.21841510292958,8.05,404.15,0
magnet_assembly,89.32194611624419,67.27,6008.75,0
pcb,0.5,101.38,50.69,0
pcb,11.835549615884005,982.51,11628.5,1
pcb,0.5,137.03,68.51,0
mixed_plastic,57.0147950738929,10.67,608.36,0
mixed_plastic,0.5,11.05,5.53,0
mixed_plastic,92.15814501957138,11.14,1026.77,0
magnet_assembly,59.374387629159294,44.79,2659.13,0
crt,71.3750625136019,23.82,1700.34,0
lcd_panel,7.217603764907125,33.23,239.84,0
magnet_assembly,40.932888916158475,66.27,2712.53,0
crt,29.22634756475479,24.86,726.67,0
magnet_assembly,50.29131948201677,60.15,3025.03,0
lcd_panel,21.85806892685516,38.78,847.73,0
other,81.24953569805476,10.69,868.83,0
mixed_plastic,52.728271304113456,12.49,658.71,0
motor,82.71968397029346,41.25,3411.89,0
motor,83.39133174613397,58.16,4850.41,0
pcb,56.691390688314264,130.4,7392.62,0
battery,7.859433550107013,56.78,446.29,0
crt,104.93505567517332,31.87,3344.54,0
cable,0.5,78.85,39.43,0
other,0.5,10.37,5.18,0
battery,35.23547920308945,77.4,2727.39,0
lcd_panel,82.83891168809066,48.8,4042.25,0
pcb,40.21499667834899,109.9,4419.59,0
battery,16.32908369284496,78.49,1281.6,0
cable,49.98085127725978,62.51,3124.5,0
lcd_panel,51.36575573360849,50.67,2602.52,0
motor,33.12230857250196,48.34,1600.97,0
cable,14.329750192356784,74.11,1061.96,0
battery,56.02581515275037,65.73,3682.7,0
crt,88.73226053039872,32.37,2872.67,0
motor,5.270722425758748,53.67,282.87,0
cable,82.87685929663601,63.42,5256.32,0
pcb,83.15214240507143,130.18,10824.6,0
pcb,2.841576800354474,143.06,406.52,0
cable,67.59618975083654,83.92,5672.61,0
mixed_plastic,93.01116383341892,11.13,1035.02,0
lcd_panel,54.10334275372787,37.61,2034.66,0
cable,12.162429391183672,70.65,859.3,0
other,117.53759494029555,10.41,1224.12,0
crt,14.22519517829258,26.76,380.64,0
mixed_plastic,73.3745395618471,14.01,1028.26,0
magnet_assembly,11.547384329295284,56.87,656.7,0
magnet_assembly,76.51916152380086,64.28,4918.97,0
mixed_plastic,137.30179470572187,11.55,1585.88,0
pcb,93.50418258457647,132.12,12353.57,0
crt,0.5,23.11,11.56,0
crt,52.32766511946422,31.23,1634.43,0
magnet_assembly,0.5,50.35,25.17,0
lcd_panel,26.054074472026542,46.57,1213.43,0
mixed_plastic,41.087135432531014,11.39,468.13,0
cable,60.87013059040099,73.89,4497.62,0
mixed_plastic,0.5,13.24,6.62,0
motor,0.5,47.28,23.64,0
battery,10.917114154343956,49.93,545.14,0
magnet_assembly,4.422103298978108,48.77,215.67,0
lcd_panel,36.522043094853544,42.18,1540.48,0
crt,66.94583154132752,34.55,2312.99,0
lcd_panel,27.468093298164685,50.11,1376.47,0
battery,105.5917031904731,426.11,44993.37,1
crt,128.06892681614465,35.26,4516.18,0
magnet_assembly,34.02973416216152,71.55,2434.69,0
lcd_panel,86.2748213844114,340.08,29339.95,1
motor,81.66981096034888,59.54,4862.64,0
crt,27.12388600760304,22.22,602.72,0
mixed_plastic,63.71825069821224,17.66,1125.13,0
pcb,24.11896798805374,124.83,3010.85,0
crt,0.5,31.22,15.61,0
mixed_plastic,0.5,12.98,6.49,0
lcd_panel,115.85977916155363,51.06,5915.39,0
other,43.53542957167356,7.85,341.59,0
cable,106.01760339193302,93.05,9865.44,0
battery,46.78307000576052,51.77,2421.96,0
mixed_plastic,29.17857314065796,12.58,367.03,0
crt,18.24322870731981,27.36,499.05,0
lcd_panel,60.50567951486762,33.15,2005.91,0
motor,0.5,54.62,27.31,0
pcb,58.13928013809151,115.31,6704.02,0
magnet_assembly,0.5,48.84,24.42,0
cable,102.1702079930385,61.36,6269.16,0
other,32.56332266185888,11.67,380.05,0
cable,151.84218143771167,59.9,9096.01,0
cable,118.49218749750398,89.39,10592.57,0
other,33.75394333704786,11.46,386.93,0
pcb,12.120689375306071,117.21,1420.63,0
cable,11.969800456641757,71.03,850.24,0
other,46.52095609493103,11.94,555.6,0
battery,50.636346335985245,82.41,4173.02,0
magnet_assembly,57.219842243123246,66.24,3790.27,0
crt,9.960276582298313,29.74,296.21,0
crt,34.17975079483159,35.5,1213.48,0
lcd_panel,26.147012436323173,45.94,1201.17,0
battery,71.14539261338237,69.08,4915.0,0
other,14.012892708679857,8.17,114.47,0
pcb,27.0924323828814,107.76,2919.36,0
motor,102.22330863242094,47.15,4819.84,0
lcd_panel,21.46756398879154,39.51,848.25,0
battery,46.0799613286664,74.97,3454.76,0
crt,82.394479394835,28.21,2324.02,0
other,70.64220059102257,8.63,609.58,0
cable,84.78033928000478,58.61,4968.71,0
battery,0.5,65.76,32.88,0
other,113.79680832344059,11.38,1295.43,0
cable,57.00617762665895,90.01,5131.38,0
lcd_panel,21.332643682556895,43.71,932.4,0
pcb,5047.566101390457,120.0,605707.93,1
other,36.518945012744936,10.35,377.79,0
crt,62.95374893646506,21.3,1340.93,0
motor,40.34499310284682,59.41,2396.73,0
lcd_panel,4.511054383907272,41.99,189.41,0
lcd_panel,70.42589632282673,32.25,2270.92,0
other,0.5,8.69,4.34,0
pcb,13.609063826247947,84.2,1145.92,0
battery,35.66448127290719,56.97,2031.77,0
lcd_panel,95.59216865001943,33.27,3180.55,0
motor,76.46946448387791,54.13,4139.27,0
crt,59.127491558438216,30.38,1796.25,0
other,6575.562899256016,10.0,65755.63,1
crt,36.57776427394789,21.16,773.95,0
lcd_panel,14.653947175947224,34.82,510.25,0
pcb,77.93003747622106,124.76,9722.67,0
battery,54.44893339363432,74.21,4040.73,0
pcb,36.90697699710417,125.6,4635.58,0
crt,2.195657589591768,28.0,61.48,0
battery,77.6893954187303,67.28,5226.85,0
battery,56.773521842248115,57.16,3244.89,0
other,4.553628693137178,10.42,47.46,0
magnet_assembly,49.89086213100245,61.58,3072.51,0
crt,8.715434847849544,33.83,294.83,0
motor,93.55538483860244,57.07,5339.56,0
mixed_plastic,16.61677690091362,13.11,217.79,0
cable,10.07897574700165,87.65,883.39,0
crt,39.2479641017034,31.64,1241.84,0
cable,6.192242716654455,82.56,511.23,0
lcd_panel,65.52134753375165,45.34,2970.65,0
pcb,38.34242636211832,116.57,4469.49,0
pcb,89.60332655974756,85.38,7649.91,0
cable,78.17735894986865,89.17,6971.32,0
other,118.60416217375327,11.8,1399.13,0
pcb,0.5,98.28,49.14,0
crt,15.136381157262882,23.5,355.65,0
magnet_assembly,94.37520668065764,566.24,53439.12,1
cable,47.22263726082681,88.7,4188.6,0
magnet_assembly,102.49397677399836,65.73,6736.59,0
battery,0.5,70.48,35.24,0
motor,55.63577120234027,44.69,2486.2,0
other,45.343696227418135,7.45,337.65,0
lcd_panel,109.24946366494379,49.84,5444.9,0
other,80.35391063355186,9.69,778.72,0
mixed_plastic,49.40083178282489,14.65,723.49,0
magnet_assembly,129.3073968643668,47.81,6182.58,0
battery,87.88286753718393,51.56,4531.02,0
pcb,42.80612434929368,123.77,5298.04,0
mixed_plastic,25.72146216509458,11.9,305.98,0
mixed_plastic,103.4045067121639,13.17,1362.13,0
other,0.5,8.45,4.23,0
other,59.70577360230081,10.54,629.29,0
battery,54.77826693623148,76.91,4213.26,0
pcb,97.56779888375789,135.25,13196.22,0
magnet_assembly,76.79771104642485,49.91,3832.62,0
motor,60.15548762662389,48.67,2927.54,0
magnet_assembly,144.7333816960175,51.0,7381.37,0
cable,84.24192379102051,85.84,7231.64,0
other,0.5,41.8,20.9,1
magnet_assembly,78.52103401731796,45.06,3538.0,0
crt,108.22641612571552,25.43,2752.03,0
magnet_assembly,34.566044290843806,48.09,1662.12,0
motor,0.5,49.78,24.89,0
cable,49.0894731328683,94.17,4622.96,0
motor,57.75194855068368,39.9,2304.12,0
lcd_panel,91.08281202576556,33.75,3074.07,0
pcb,94.42050206049761,140.54,13269.45,0
motor,74.1490230183013,50.85,3770.24,0
motor,50.11497483383819,36.89,1848.92,0
magnet_assembly,64.56061765855848,43.96,2838.34,0
other,8.975895630157957,9.85,88.4,0
lcd_panel,41.79638973262989,49.59,2072.64,0
pcb,101.80594176781372,96.6,9834.78,0
mixed_plastic,66.19765415261372,15.29,1012.3,0
magnet_assembly,83.70101431320762,71.41,5977.41,0
pcb,125.3304626746697,111.73,14002.78,0
pcb,0.5,113.41,56.71,0
pcb,59.72196561387405,103.44,6177.42,0
pcb,2.1393980739626812,124.68,266.74,0
cable,0.5,62.62,31.31,0
crt,39.87440202158776,34.46,1374.08,0
lcd_panel,114.74672184834506,43.66,5010.29,0
pcb,69.56936054200142,92.6,6441.97,0
pcb,8193.523933714598,120.0,983222.87,1
lcd_panel,38.389889766401645,44.94,1725.16,0
mixed_plastic,0.5,15.71,7.86,0
cable,3.457472810958137,74.49,257.54,0
pcb,52.22750228282257,108.17,5649.55,0
crt,0.5,25.53,12.77,0
lcd_panel,69.60054997652438,31.58,2197.7,0
pcb,3.749870754274937,111.85,419.43,0
pcb,62.392764222837144,97.92,6109.44,0
pcb,108.41666434658225,123.21,13358.29,0
mixed_plastic,60.179710968707525,14.61,879.51,0
mixed_plastic,0.5,13.57,6.78,0
motor,48.49681634204304,37.68,1827.6,0
motor,54.174751274776725,36.95,2001.9,0
other,28.638558827246733,89.84,2572.84,1
mixed_plastic,28.735977827327236,11.79,338.72,0
lcd_panel,50.63570567791703,47.41,2400.55,0
pcb,121.38235555414344,97.03,11778.22,0
lcd_panel,43.38303791272426,40.13,1740.76,0
other,104.75065118373767,53.78,5633.03,1
cable,127.36191397747363,83.16,10590.93,0
battery,39.48954888565425,52.02,2054.22,0
cable,97.59688024977999,82.62,8062.98,0
pcb,1.1481046157909844,84.96,97.55,0
motor,84.57565989626659,57.1,4829.45,0
crt,68.62368701580795,29.26,2008.03,0
cable,4.998037618107475,86.86,434.12,0
crt,69.01481735414337,22.53,1554.97,0
cable,60.084820066109394,57.33,3444.53,0
lcd_panel,61.31752141843478,40.35,2474.09,0
other,15.700851622887434,8.67,136.16,0
pcb,0.5,93.43,46.72,0
pcb,42.25590415970404,136.22,5756.16,0
pcb,79.22970751335471,133.25,10557.41,0
motor,0.5,45.87,22.94,0
magnet_assembly,60.328109388045476,49.04,2958.52,0
battery,38.4536735728308,70.29,2702.92,0
cable,61.53676299636135,71.28,4386.27,0
crt,70.33196264599228,23.88,1679.84,0
other,62.355851730771874,7.42,462.58,0
cable,65.54025295437732,78.43,5140.3,0
magnet_assembly,33.07105068932705,56.94,1883.21,0
battery,33.700976504883954,77.09,2597.98,0
crt,78.23135540816125,29.65,2319.32,0
battery,49.71038405623413,70.15,3487.11,0
magnet_assembly,150.84122504114535,54.3,8190.14,0
other,104.57141814988509,8.15,852.59,0
pcb,36.07371517762114,103.59,3736.87,0
other,23.217550810682127,11.93,276.91,0
mixed_plastic,66.7820176765565,16.5,1101.85,0
magnet_assembly,0.5,323.54,161.77,1
motor,53.70432004905978,46.48,2496.37,0
mixed_plastic,38.62496563677357,15.62,603.27,0
mixed_plastic,50.127919624611536,11.85,594.2,0
crt,29.005621587022613,27.25,790.37,0
crt,96.92916365173991,25.15,2438.06,0
mixed_plastic,50.03502344962483,11.43,572.07,0
mixed_plastic,10.358765834931837,13.27,137.49,0
mixed_plastic,37.022891657885864,11.97,443.12,0
crt,0.5,35.35,17.68,0
magnet_assembly,76.90845041634574,65.69,5052.19,0
other,6606.0006681624845,10.0,66060.01,1
cable,84.68234701486328,91.6,7756.89,0
pcb,4301.972100411185,120.0,516236.65,1
other,0.5,8.65,4.32,0
cable,33.30938538710426,62.91,2095.35,0
other,46.66357061013755,10.71,499.82,0
pcb,74.94788270231899,99.56,7462.07,0
motor,0.5,35.61,17.81,0
motor,112.36729161929405,37.9,4258.17,0
battery,48.04894941997532,56.14,2697.58,0
pcb,73.61306497766715,116.27,8558.71,0
other,78.19472327188282,10.96,856.76,0
lcd_panel,84.48445516134939,43.76,3697.01,0
lcd_panel,1.6958196973415625,47.67,80.85,0
lcd_panel,0.5,355.73,177.87,1
battery,103.85350825405447,60.3,6262.28,0
motor,35.33129325695867,56.75,2005.18,0
crt,36.12544048301558,32.18,1162.38,0
motor,58.74275555494863,44.84,2633.85,0
lcd_panel,116.7523232520282,52.8,6164.87,0
magnet_assembly,117.03675150437506,69.15,8093.01,0
crt,72.43045072022292,24.39,1766.24,0
lcd_panel,44.02423145590301,43.25,1903.88,0
cable,0.5,80.33,40.17,0
other,58.79032335760573,10.96,644.35,0
motor,0.5,52.41,26.2,0
mixed_plastic,103.49688166290892,15.77,1632.17,0
motor,39.81176236512949,41.39,1647.94,0
mixed_plastic,0.5,13.63,6.82,0
crt,41.958449125334596,35.58,1493.07,0
lcd_panel,0.5,51.65,25.82,0
cable,105.42300935765924,70.4,7421.62,0
mixed_plastic,84.8932843761347,15.97,1355.38,0
lcd_panel,7.062580246690722,43.33,306.0,0
lcd_panel,75.29834744592705,39.47,2971.66,0
other,69.10404510649174,8.8,608.42,0
crt,92.73363768093061,27.53,2553.24,0
other,34.42699278512694,7.37,253.73,0
motor,76.31530030001429,40.42,3084.92,0
lcd_panel,0.5,51.35,25.67,0
battery,27.834562151587086,76.25,2122.28,0
cable,19.45837651696543,65.92,1282.6,0
battery,60.19938929910947,71.59,4309.8,0
mixed_plastic,97.7416988401975,12.95,1266.2,0
pcb,0.5,115.67,57.84,0
magnet_assembly,30.03936659529661,43.34,1302.0,0
mixed_plastic,1.1842347374366753,13.72,16.25,0
pcb,60.30346776529355,107.88,6505.39,0
magnet_assembly,57.130924643856844,56.09,3204.28,0
cable,29.872187322028253,65.98,1970.91,0
other,75.31274544436398,8.18,616.12,0
cable,29.608410841610553,77.13,2283.57,0
cable,121.2744121420391,62.36,7562.79,0
magnet_assembly,62.039874404127524,69.23,4294.85,0
magnet_assembly,40.15557944568749,54.34,2182.17,0
battery,5.174865346446879,82.76,428.27,0
mixed_plastic,70.61917463859993,11.9,840.18,0
battery,51.57043876122115,69.46,3581.96,0
pcb,46.05578367092524,117.24,5399.5,0
cable,24.00553683207192,80.34,1928.67,0
other,0.5,11.01,5.5,0
battery,75.49825599720586,78.8,5949.26,0
other,116.64340171953229,11.93,1392.06,0
crt,76.08302812520643,33.84,2574.82,0
cable,63.91768467994487,60.93,3894.26,0
other,78.70919858769952,9.8,771.11,0
other,76.62230331757685,9.7,743.12,0
crt,61.73324816952906,29.76,1836.94,0
magnet_assembly,26.430152137597975,47.3,1250.02,0
mixed_plastic,35.60538344880932,12.67,451.15,0
cable,111.73552598820503,65.79,7351.01,0
mixed_plastic,0.5,15.34,7.67,0
cable,50.55300765143215,83.94,4243.58,0
mixed_plastic,7.418395863003539,12.94,95.97,0
mixed_plastic,10.94297841073606,14.66,160.46,0
cable,89.01342939555039,85.38,7599.78,0
lcd_panel,0.5,43.71,21.85,0
motor,83.60867439856327,39.25,3281.39,0
pcb,40.88462846472376,108.71,4444.4,0
crt,53.824301764503105,21.77,1172.0,0
motor,95.08502187360884,50.83,4833.47,0
cable,17.213637828010988,80.13,1379.36,0
motor,90.73986006899162,56.9,5162.69,0
motor,0.5,49.17,24.59,0
pcb,99.29636388986724,96.72,9603.7,0
mixed_plastic,71.93791394737704,15.12,1087.84,0
pcb,43.5485826535542,122.81,5348.05,0
crt,104.891156537863,32.93,3454.05,0
other,59.74237657105542,10.85,648.33,0
crt,38.8020226802663,24.8,962.45,0
other,11.24901046363965,8.93,100.45,0
magnet_assembly,121.58795958385534,68.48,8326.17,0
magnet_assembly,18.71282184189464,54.46,1019.02,0
magnet_assembly,31.577358809617696,67.38,2127.67,0
pcb,20.922456097118896,109.78,2296.91,0
pcb,25.664067476087983,84.77,2175.52,0
cable,27.220257676038457,95.31,2594.46,0
magnet_assembly,71.94347902667985,55.4,3985.99,0
battery,102.9290779109965,71.64,7373.85,0
motor,79.4096577715849,57.23,4544.87,0
battery,8013.736331827867,70.0,560961.54,1
cable,33.11060298726078,95.42,3159.42,0
magnet_assembly,8.931580328589355,64.66,577.56,0
pcb,56.81661670372448,114.92,6529.1,0
cable,0.5,87.73,43.87,0
crt,4997.224733226089,30.0,149916.74,1
lcd_panel,87.57225854512082,35.54,3112.2,0
crt,37.661333986775276,32.34,1218.13,0
crt,17.065219095458417,23.32,397.96,0
battery,43.619118077355104,57.32,2500.41,0
lcd_panel,45.25164909545112,43.28,1958.28,0
cable,8.430215124089308,57.63,485.84,0
cable,102.47256732776505,61.47,6299.09,0
motor,0.5,39.31,19.66,0
battery,69.47026166916956,62.51,4342.4,0
cable,39.58973249514712,494.15,19563.24,1
pcb,21.221104626482507,138.02,2928.87,0
lcd_panel,24.995703172253894,44.19,1104.52,0
battery,65.18039131101523,63.18,4118.36,0
motor,55.00515856801937,45.26,2489.67,0
motor,129.33494397690296,49.97,6462.62,0
crt,59.26113920870077,25.36,1503.05,0
lcd_panel,25.240447886092696,46.38,1170.55,0
motor,81.55016175541789,52.07,4246.11,0
battery,0.5,73.24,36.62,0
mixed_plastic,25.009096688895383,11.01,275.43,0
motor,31.68163427375075,44.6,1413.04,0
magnet_assembly,10.00822819875794,481.78,4821.8,1
crt,95.8588750995161,31.11,2981.98,0
battery,81.62744840103362,54.94,4484.35,0
magnet_assembly,48.68893192169213,63.88,3110.41,0
magnet_assembly,19.427350790887044,50.55,982.03,0
mixed_plastic,60.52852921447722,14.13,855.54,0
motor,96.18906878940811,54.75,5266.14,0
cable,0.5,94.65,47.33,0
cable,4.2426571760989304,64.49,273.62,0
magnet_assembly,0.5,54.98,27.49,0
pcb,13.204073182153856,94.74,1250.9,0
magnet_assembly,30.516951405645848,55.82,1703.49,0
battery,0.5,61.92,30.96,0
cable,55.19547970097065,78.11,4311.58,0
motor,80.48119268745346,50.63,4074.78,0
pcb,0.5,98.46,49.23,0
crt,78.58488803352152,23.67,1859.76,0
battery,3.5245825601744585,82.67,291.38,0
motor,13.01138001971406,52.0,676.66,0
pcb,60.30412818981435,134.13,8088.86,0
pcb,19.155669531854848,122.02,2337.42,0
magnet_assembly,0.5,54.72,27.36,0
other,25.11156066847739,11.93,299.5,0
cable,60.05325041833972,75.64,4542.54,0
other,50.340842909535674,7.57,381.1,0
other,70.84265319991763,7.37,522.33,0
mixed_plastic,59.691250917708416,16.62,991.88,0
motor,62.66083112133048,35.04,2195.37,0
motor,39.44907900396129,53.45,2108.54,0
mixed_plastic,45.562949794083316,16.0,728.78,0
crt,30.535480411859478,32.17,982.24,0
magnet_assembly,30.98868737150792,46.95,1454.87,0
motor,16.79421476179531,35.16,590.57,0
battery,31.861493985225188,54.7,1742.89,0
other,95.88274594083687,10.13,971.0,0
battery,98.33098962608557,64.29,6321.24,0
pcb,30.987063292712445,94.82,2938.08,0
pcb,8.21948334408507,86.68,712.49,0
motor,90.98647188926222,59.08,5375.92,0
other,54.433455147688896,9.63,524.17,0
other,0.5,8.29,4.14,0
other,92.3694019151063,10.9,1006.66,0
magnet_assembly,98.14771653638222,69.1,6781.95,0
mixed_plastic,7.861258400185427,16.97,133.43,0
cable,61.50512246382237,61.82,3802.34,0
crt,44.84651552479046,27.24,1221.55,0
motor,48.50430646800671,36.9,1789.93,0
magnet_assembly,67.18741988631204,47.02,3158.88,0
motor,78.72696091753463,47.46,3736.29,0
other,35.623714160255915,8.27,294.5,0
crt,6557.040834159978,30.0,196711.23,1
mixed_plastic,6139.055670784362,15.0,92085.84,1
pcb,69.65460548930527,136.14,9482.97,0
mixed_plastic,26.834846519724955,17.26,463.07,0
magnet_assembly,31.687321216392572,62.41,1977.49,0
crt,89.01862040172787,33.2,2955.06,0
magnet_assembly,77.67739836075432,52.25,4058.53,0
lcd_panel,65.1219743649912,53.65,3493.82,0
magnet_assembly,34.91134147892052,50.07,1747.88,0
cable,18.350834446437943,79.08,1451.12,0
pcb,105.56183946942491,123.83,13071.58,0
other,9.374015008217867,9.38,87.9,0
pcb,9.107181272784565,128.36,1169.04,0
crt,17.789914440045123,28.53,507.63,0
lcd_panel,106.93446950521988,53.0,5667.77,0
lcd_panel,0.5,47.07,23.54,0
motor,37.10216305854987,40.82,1514.35,0
battery,45.65532921725034,66.69,3044.93,0
other,106.27878727732322,7.26,771.9,0
motor,173.86355584570197,48.44,8422.06,0
lcd_panel,51.14263051110345,35.94,1838.08,0
cable,46.315326483054015,89.7,4154.43,0
other,55.34971765147968,11.03,610.62,0
motor,0.9541054192060301,52.05,49.66,0
magnet_assembly,67.90687963347975,71.18,4833.45,0
pcb,20.84136712045001,94.63,1972.16,0
crt,50.39082269412965,32.32,1628.4,0
lcd_panel,0.5,44.2,22.1,0
lcd_panel,56.77612299648278,47.48,2695.98,0
other,65.01077796173192,10.24,665.75,0
mixed_plastic,118.73813662277715,12.86,1526.74,0
pcb,19.59181684978468,113.66,2226.78,0
motor,45.393383752534746,50.33,2284.54,0
pcb,51.832477396050756,88.51,4587.95,0
mixed_plastic,96.23646903776928,13.02,1252.97,0
magnet_assembly,6053.417416856779,60.0,363205.05,1
crt,40.643680582204226,33.42,1358.38,0
cable,172.61898108224872,69.69,12029.65,0
pcb,13.04208872797038,88.24,1150.84,0
cable,74.38858914614039,79.4,5906.19,0
crt,61.2200009167933,28.96,1772.9,0
pcb,29.29509022316656,96.24,2819.37,0
lcd_panel,72.38992110359611,33.28,2409.2,0
mixed_plastic,62.28426738690172,17.31,1078.06,0
cable,32.99377537673096,86.94,2868.49,0
