material_category,condition,weight_kg,target_rate_inr
magnet_assembly,damaged,71.74972641925194,43.16
pcb,good,25.382809216066562,122.27
battery,damaged,26.7648746390594,44.57
motor,good,28.99320771287409,47.67
pcb,good,49.02179290023737,129.48
magnet_assembly,good,64.22205268489728,57.59
cable,mixed,0.5,56.26
lcd_panel,damaged,94.7769444624735,30.96
magnet_assembly,damaged,35.273162346258346,40.69
lcd_panel,damaged,65.02258535362776,29.81
motor,good,31.54137127303267,53.82
lcd_panel,good,52.666291140344974,49.0
mixed_plastic,damaged,72.57856954220543,11.53
lcd_panel,damaged,51.020026723253935,32.28
other,good,4.777907812737325,10.7
crt,good,55.37715530512088,30.41
crt,good,91.23998089983803,31.97
battery,mixed,87.25120476464795,58.12
magnet_assembly,mixed,14.146592674827922,46.45
mixed_plastic,damaged,45.52048717972234,10.77
motor,mixed,8.486804939380718,42.13
crt,damaged,46.96785019887258,19.42
magnet_assembly,good,25.404969623307572,60.95
pcb,good,63.315697619557184,125.46
cable,damaged,18.718086948006423,57.67
cable,mixed,66.95772279163737,65.58
pcb,good,86.61608470808297,128.47
cable,mixed,63.15004438638738,64.63
magnet_assembly,mixed,21.917876244905905,44.74
other,mixed,36.89351413608927,8.72
magnet_assembly,good,0.5,63.23
mixed_plastic,mixed,167.74653665925138,11.47
mixed_plastic,damaged,60.302015628910574,11.89
magnet_assembly,damaged,47.02216336935331,39.61
crt,mixed,32.329359070959484,23.07
crt,good,46.6333965927529,29.15
motor,good,95.71291258060083,49.28
motor,good,80.07732130747097,52.24
motor,good,70.49694929486412,48.63
motor,damaged,71.73954764969744,38.58
cable,good,0.5,83.74
cable,mixed,52.742518992241095,62.36
magnet_assembly,mixed,34.469424040935436,43.36
magnet_assembly,damaged,14.579505046846052,44.35
magnet_assembly,damaged,59.098397384165175,42.36
lcd_panel,mixed,102.28571017129713,40.19
battery,mixed,0.5,53.89
pcb,mixed,97.62909024454561,93.71
crt,damaged,59.051530779954994,18.06
other,damaged,83.89605730306556,6.01
lcd_panel,damaged,56.02636173933123,28.58
cable,good,49.37140240590213,79.9
cable,good,84.68917995905775,79.7
pcb,damaged,88.33655344853193,78.01
motor,mixed,86.42048873978672,39.34
battery,damaged,48.810985692504396,50.08
crt,good,11.479374957354942,28.61
crt,good,89.08720003252293,32.98
battery,mixed,74.24517452396339,57.01
crt,good,0.5,29.88
magnet_assembly,good,0.5,60.55
motor,damaged,39.279265926285106,35.7
mixed_plastic,good,4.091201087000002,14.82
lcd_panel,good,105.58411312586364,48.48
other,damaged,0.5,7.62
pcb,good,12.486998403395091,125.01
magnet_assembly,damaged,72.83562042772668,44.42
pcb,good,95.42262560722395,120.76
lcd_panel,damaged,1.9947304907934722,28.4
motor,damaged,98.05521776870764,30.31
cable,good,64.17678340478649,79.92
mixed_plastic,damaged,0.5,9.65
battery,damaged,34.34392751672673,47.76
pcb,damaged,67.520903896867,89.43
lcd_panel,damaged,91.92078975979808,29.44
magnet_assembly,good,24.85721010097174,58.66
magnet_assembly,damaged,35.262000436532134,46.98
lcd_panel,good,56.28807420388312,43.38
other,damaged,65.09185061841637,7.22
magnet_assembly,good,116.05403945917959,62.09
pcb,damaged,67.75277712584914,83.38
battery,damaged,80.98536213717347,44.42
battery,good,111.72270607436334,66.98
pcb,damaged,102.93055228604946,92.56
battery,damaged,72.71073471030499,55.22
cable,damaged,55.92726925516597,54.21
crt,damaged,77.47394051063884,20.32
crt,damaged,52.83889662558984,19.24
lcd_panel,good,0.5,47.18
lcd_panel,good,94.67573760806715,46.1
battery,good,67.9459469620802,72.25
battery,damaged,46.85073265328772,53.3
crt,damaged,35.28948869387892,21.48
magnet_assembly,mixed,28.091060681626846,52.3
crt,damaged,15.495395137378075,20.27
crt,damaged,81.62375957696582,22.96
motor,good,65.68167558930384,52.58
cable,damaged,45.01899009625263,58.11
battery,good,94.94167126766067,68.73
battery,damaged,135.7282075245555,53.05
battery,damaged,53.032182327749055,48.18
magnet_assembly,damaged,22.91353153951553,44.47
other,damaged,17.111184177342743,6.17
mixed_plastic,good,59.74748845967649,16.1
lcd_panel,good,0.5,48.24
magnet_assembly,mixed,0.5,51.04
motor,damaged,0.5,37.05
pcb,good,35.938528055182005,122.87
lcd_panel,damaged,62.90874241352358,33.71
other,good,16.91076225790708,9.93
mixed_plastic,damaged,104.35266533330915,11.93
battery,good,38.546139353363216,76.21
battery,good,31.123210348394355,68.25
crt,damaged,58.68825911572259,20.73
battery,damaged,107.47018690198213,54.81
mixed_plastic,good,21.932000919686807,14.49
battery,good,43.69104166983586,70.21
lcd_panel,good,0.5,45.18
cable,mixed,63.67023903108638,60.95
cable,damaged,125.04683356863545,52.34
pcb,mixed,0.5,106.39
lcd_panel,damaged,123.25835063417415,28.48
mixed_plastic,good,61.81910097692733,15.11
motor,mixed,6.106165257333664,40.69
crt,damaged,0.5,18.34
motor,damaged,26.024999081849085,35.34
battery,mixed,110.64933291735585,62.23
pcb,good,62.4983392439179,122.11
crt,mixed,0.5,25.03
lcd_panel,good,71.41967239900819,43.52
lcd_panel,damaged,29.28350976777463,34.35
battery,good,85.7130145719542,74.81
crt,good,109.56180695537915,29.46
motor,damaged,85.11300673920454,39.8
lcd_panel,damaged,2.6696594933689966,35.14
cable,damaged,0.5,55.21
magnet_assembly,damaged,88.7451393850938,41.51
crt,damaged,75.8293115489299,19.55
mixed_plastic,good,0.5,14.72
pcb,damaged,98.23660828970341,83.04
motor,damaged,72.40902843882878,34.12
pcb,damaged,13.514869735620053,95.35
pcb,good,28.789695265102367,117.19
battery,damaged,18.28508670950623,49.48
lcd_panel,good,1.2604143485365782,43.37
other,damaged,3.586998989227766,7.02
crt,good,74.56666800173701,29.33
mixed_plastic,damaged,80.30030840189221,10.85
magnet_assembly,damaged,39.883227835720206,37.77
pcb,damaged,55.0973762667236,93.48
lcd_panel,damaged,0.5,29.42
battery,good,58.13854543468892,72.42
crt,good,19.07100118188708,32.51
cable,damaged,35.96843019308524,53.68
other,damaged,53.094732305904735,7.17
mixed_plastic,damaged,15.548631946869456,10.69
other,good,59.03989096376119,9.87
motor,damaged,83.58989751590856,32.37
motor,good,41.750441641765335,53.88
mixed_plastic,mixed,0.5,10.74
pcb,good,56.95865316678279,130.51
motor,mixed,86.3148778896971,39.91
motor,damaged,53.97329221716903,35.72
pcb,mixed,80.05548493487156,88.92
motor,damaged,75.62328027796606,35.3
crt,damaged,17.408634880388107,19.73
battery,damaged,42.08148125194739,50.31
motor,good,69.07312377296441,48.51
magnet_assembly,damaged,75.06464270131939,37.05
battery,good,9.49527716347874,67.73
mixed_plastic,damaged,41.47171492379343,11.55
lcd_panel,good,56.38133622922889,47.68
other,good,76.7240380702685,10.58
mixed_plastic,mixed,42.431693620172915,12.75
pcb,good,71.7393261185511,123.42
cable,good,91.39683708322396,83.06
lcd_panel,mixed,0.5,35.66
motor,damaged,9.676547563303835,34.39
crt,good,40.43285335879325,30.95
mixed_plastic,good,82.92419902980028,15.47
motor,mixed,0.5,36.39
crt,damaged,95.75016172827716,23.36
cable,mixed,83.12613961560422,68.46
crt,good,90.39579844198641,31.06
battery,mixed,91.50159777031597,50.55
cable,damaged,29.59934404581012,57.66
mixed_plastic,good,80.27954466581407,15.87
pcb,damaged,13.113387032894984,85.03
battery,mixed,45.521099176215316,52.18
magnet_assembly,damaged,63.05693460282857,47.37
mixed_plastic,damaged,41.8861512131939,11.62
cable,mixed,51.876617398010346,68.64
battery,damaged,60.00975730294594,50.49
motor,good,4.4098228737317555,48.28
other,mixed,10.415807189656768,8.97
cable,good,44.968523196014075,87.05
motor,damaged,0.5,30.55
other,good,111.18201277842455,10.68
other,good,92.071338680636,10.88
magnet_assembly,good,40.105289965595816,63.64
crt,damaged,68.86752420791363,18.99
battery,mixed,0.5,54.07
motor,good,53.13635690024308,54.82
other,good,0.5,10.12
mixed_plastic,damaged,22.897351490651715,11.25
mixed_plastic,mixed,55.971462538899104,11.12
crt,good,152.79707358761334,28.8
pcb,damaged,5.715821815999142,84.59
crt,damaged,2.8988653890025446,19.09
magnet_assembly,mixed,58.14807192555398,46.48
pcb,damaged,35.52436115067985,75.75
lcd_panel,mixed,47.21640708347959,35.17
other,good,78.8668825617294,9.53
motor,good,4.837929151310831,51.77
pcb,damaged,35.9727388848485,77.84
mixed_plastic,mixed,40.83135793785632,13.39
cable,damaged,23.710667275300246,62.34
magnet_assembly,damaged,12.50577271106716,44.83
battery,good,63.04532088968472,70.92
lcd_panel,mixed,0.5,37.12
lcd_panel,good,97.40841166043558,45.2
battery,good,23.19843225778613,76.46
motor,damaged,56.656605950515534,39.85
magnet_assembly,damaged,10.96080766833333,41.1
pcb,damaged,84.78961760913651,81.66
other,good,92.28499733425235,10.75
cable,good,61.892279153992895,84.2
motor,mixed,74.91199325855688,36.18
cable,damaged,44.052143035511186,55.96
magnet_assembly,good,22.83032333146243,58.26
other,good,13.736853079238372,10.45
battery,good,83.77769404117475,76.1
battery,good,25.007256892172848,68.25
crt,good,51.04364200843335,31.21
battery,mixed,82.97661553029842,59.1
mixed_plastic,damaged,45.01544874626122,10.43
mixed_plastic,mixed,15.66568879275146,10.59
cable,good,78.01239517635966,86.1
crt,damaged,0.5,22.63
battery,good,89.4848880051484,70.19
crt,damaged,24.921317688489303,19.48
pcb,good,122.49794231987715,114.04
pcb,good,0.5,115.65
crt,good,95.76540810465673,32.78
magnet_assembly,damaged,77.6648272380347,45.11
battery,damaged,101.4459382042577,53.89
other,mixed,104.19380689492999,7.1
magnet_assembly,mixed,91.14570521212264,48.67
motor,mixed,67.86558926068344,44.71
magnet_assembly,damaged,41.469104961368345,44.94
cable,mixed,87.5313522390399,56.59
mixed_plastic,good,29.358210871305044,14.52
lcd_panel,mixed,0.5,35.14
magnet_assembly,good,101.92710831338785,61.86
motor,good,84.71060096683553,52.12
lcd_panel,good,61.32128821580865,48.62
magnet_assembly,good,75.63615397636944,57.63
cable,good,43.12346515712969,77.06
battery,damaged,0.5,47.58
other,good,72.71413895085085,10.28
crt,good,37.98558047645486,29.79
cable,damaged,17.808523333587004,57.43
crt,mixed,11.861633161123947,26.74
battery,damaged,38.995040546117025,43.25
motor,mixed,59.739829552315996,44.04
lcd_panel,good,87.12391106464774,49.44
mixed_plastic,mixed,96.68411657534544,12.04
lcd_panel,good,114.84434231150861,43.0
pcb,mixed,70.61091411947062,89.19
other,mixed,97.76727850204276,8.99
pcb,damaged,16.705777075830852,91.58
motor,damaged,68.85662225545616,37.48
other,damaged,16.395596856666465,7.75
pcb,good,56.587913097485625,122.58
pcb,mixed,61.4346156289962,99.73
battery,damaged,63.378271599480996,45.94
motor,good,48.67492108504812,48.11
battery,mixed,121.78231454071151,49.86
pcb,mixed,102.95499215148853,97.58
crt,mixed,4.727354314692171,25.78
mixed_plastic,good,39.35049871354169,15.0
other,mixed,39.254557664507885,7.21
motor,good,91.6082371289465,47.54
battery,damaged,46.209865056863904,44.25
cable,damaged,17.5689632042806,51.09
crt,damaged,84.49052099187516,18.7
lcd_panel,damaged,109.80534982069646,27.96
magnet_assembly,damaged,58.545216977140406,47.56
battery,good,57.02183319562032,67.21
crt,damaged,66.34049393509704,22.25
motor,good,30.79472529216597,54.04
cable,damaged,55.11210789467131,57.51
magnet_assembly,good,32.033447648977486,64.37
magnet_assembly,damaged,95.0701276770481,39.28
cable,damaged,0.8052248703674181,60.72
cable,mixed,42.89038714050376,68.37
cable,damaged,41.10348886177737,63.1
battery,damaged,4.121654850662431,47.57
other,damaged,5.336567829846118,7.45
lcd_panel,good,3.1462796107611197,42.96
other,damaged,3.4711783963838485,7.09
other,mixed,152.56231797201386,8.55
lcd_panel,damaged,12.225248898277897,27.29
pcb,good,62.929830516359175,122.32
magnet_assembly,good,22.94430791762921,58.8
other,good,122.03761731643263,10.48
battery,good,24.61579858826573,71.28
mixed_plastic,damaged,89.83008946725424,11.04
lcd_panel,damaged,0.5,33.25
crt,mixed,80.4165862457719,26.45
motor,damaged,37.06575150855165,34.82
cable,good,51.904142072574054,85.31
lcd_panel,good,14.947253281032744,45.12
crt,mixed,51.50640932671751,23.15
magnet_assembly,good,121.9074610739809,64.21
lcd_panel,good,75.6337144506804,47.28
mixed_plastic,damaged,122.47920496539486,11.61
lcd_panel,damaged,64.31702914767075,34.05
magnet_assembly,damaged,136.23539635297848,45.41
pcb,good,96.88956987033575,116.95
lcd_panel,good,23.943279855422066,48.63
pcb,mixed,30.644566637827136,92.09
mixed_plastic,mixed,27.48025313857333,10.99
motor,damaged,46.72597074047768,32.28
mixed_plastic,mixed,4.886911179947759,12.54
motor,good,72.57109552106945,49.43
crt,mixed,87.31516337314486,23.55
cable,damaged,84.92634194476595,60.28
mixed_plastic,damaged,153.74286015435445,9.09
lcd_panel,damaged,66.48873608975734,34.86
lcd_panel,damaged,14.471569782110087,30.45
lcd_panel,damaged,0.5,33.6
pcb,damaged,116.27953878819102,87.18
lcd_panel,good,0.5,48.52
other,good,43.73078407109897,10.27
other,damaged,92.4960603950048,6.19
crt,good,0.5,31.98
mixed_plastic,good,96.43307149514078,14.78
pcb,damaged,26.347871396318766,88.07
other,damaged,0.5,6.5
crt,good,0.5,31.22
battery,damaged,0.5,52.95
mixed_plastic,mixed,91.21133816127369,11.12
cable,good,59.55156636106054,76.69
battery,mixed,79.30560308862317,53.43
crt,damaged,46.77133679565671,22.13
cable,mixed,55.573703744850576,69.89
mixed_plastic,damaged,68.10139567285339,10.47
motor,good,12.461283591766055,52.55
lcd_panel,good,75.77072638037207,47.68
motor,mixed,71.88863752228016,43.38
lcd_panel,good,13.313607792158564,48.36
mixed_plastic,damaged,57.93157509487461,11.76
crt,good,39.615767102021024,31.46
battery,damaged,0.5,44.23
motor,good,87.7385536746147,54.0
other,mixed,63.62400076399434,8.48
cable,damaged,107.40726196760207,60.24
cable,damaged,73.89600279399431,60.77
pcb,mixed,78.04690969243593,93.02
motor,damaged,94.37040808891695,36.1
battery,good,0.5,72.26
crt,good,0.5,28.83
pcb,good,25.961041479865557,125.57
lcd_panel,damaged,89.27061947966376,31.67
motor,mixed,37.0067446596551,43.14
other,good,107.81538758331735,10.3
magnet_assembly,mixed,0.5,50.62
battery,good,39.892572479961444,76.23
cable,mixed,65.68338118803477,61.63
lcd_panel,good,68.46787672496848,47.27
pcb,damaged,143.88189933490924,74.15
lcd_panel,good,7.654426024116745,48.55
magnet_assembly,damaged,52.52661837228695,44.51
mixed_plastic,damaged,17.095143380435964,11.45
mixed_plastic,damaged,43.986323096763854,9.34
magnet_assembly,damaged,151.841933336179,45.52
mixed_plastic,damaged,66.5222613514473,11.52
mixed_plastic,damaged,0.5,9.91
mixed_plastic,mixed,65.0028765873111,11.77
other,good,16.58611786960971,10.38
crt,damaged,135.80596511093552,23.18
magnet_assembly,damaged,28.10038572004757,38.76
magnet_assembly,damaged,12.488806645203582,38.78
other,damaged,17.853017281210768,6.86
magnet_assembly,damaged,115.5646722177627,36.19
mixed_plastic,good,62.107413959839434,15.55
magnet_assembly,damaged,28.63406601247613,39.18
battery,mixed,26.73276344205425,52.17
other,damaged,9.409730772285329,6.88
lcd_panel,damaged,57.84670182314914,29.44
mixed_plastic,damaged,25.92451155195066,10.6
pcb,good,44.25950622578353,120.53
pcb,damaged,28.853519866513523,83.16
mixed_plastic,damaged,102.44840921569599,9.51
other,mixed,77.77625275781485,7.0
mixed_plastic,damaged,6.307489413096839,11.98
mixed_plastic,damaged,37.34366201220792,9.73
battery,good,82.53186306332309,75.58
battery,mixed,22.54723697403537,59.95
lcd_panel,good,38.36775679423849,45.06
other,good,33.68707655725823,10.91
other,damaged,27.970919036454514,7.88
lcd_panel,damaged,82.5277762741159,35.27
motor,damaged,51.04489726158903,33.97
motor,mixed,0.5,38.81
mixed_plastic,damaged,21.877484079954247,9.64
other,good,67.35869689860189,9.53
lcd_panel,good,53.492598960342555,49.05
lcd_panel,good,71.86766423085253,48.57
cable,damaged,29.34975936251492,63.24
motor,good,87.27104389634823,50.26
mixed_plastic,damaged,0.5,9.24
cable,damaged,51.44440701320513,49.69
motor,good,51.962136370974285,50.24
pcb,damaged,40.77198347218087,76.6
other,good,27.45403890294629,9.68
pcb,good,33.562753748032634,126.45
crt,damaged,0.5,21.74
motor,damaged,86.49740997036665,31.31
cable,damaged,0.5,56.41
motor,mixed,103.81624762446688,42.34
motor,mixed,27.31230324749287,39.19
motor,good,34.42328490027849,53.2
mixed_plastic,damaged,10.235750678312293,10.64
battery,mixed,48.762440113775035,50.37
cable,mixed,79.29380217686581,68.97
cable,mixed,0.5,62.28
crt,mixed,23.237090453603336,25.13
crt,mixed,91.59618749584305,21.23
mixed_plastic,damaged,106.42272020020636,11.69
mixed_plastic,good,98.57916535629387,16.25
magnet_assembly,damaged,68.39888571756465,42.15
battery,good,22.891385209915754,66.9
magnet_assembly,damaged,17.90029067153411,39.56
cable,damaged,101.95245299388208,58.58
pcb,good,61.30174104427172,127.76
motor,good,21.685892930272672,51.36
crt,good,74.28524403134475,30.22
lcd_panel,good,102.4463554527242,44.47
cable,damaged,68.23551088326431,48.67
lcd_panel,good,136.60009379604335,43.6
mixed_plastic,good,83.26513230657875,15.42
lcd_panel,good,48.89317329622954,45.03
mixed_plastic,damaged,40.458662126293326,10.65
other,good,18.83944627865231,9.91
cable,good,58.41882166121938,83.75
pcb,damaged,43.41747715965624,79.61
magnet_assembly,mixed,43.31513144854354,51.06
battery,mixed,61.30319801953199,59.47
magnet_assembly,good,44.12004871211709,63.78
other,mixed,35.42130949919085,7.09
lcd_panel,good,25.91578588874965,49.26
pcb,good,60.934669838876985,120.16
motor,damaged,59.63012717954273,32.98
pcb,good,154.0673245672158,115.69
other,damaged,44.46176064064905,6.02
crt,damaged,1.0280705484253687,23.29
cable,good,101.51929895207753,78.45
battery,damaged,33.08752155657827,50.62
lcd_panel,good,61.11932258970834,42.79
motor,mixed,108.1924257996697,35.11
other,mixed,0.5,7.3
magnet_assembly,damaged,5.747672750866322,42.02
cable,good,98.42958155756341,78.61
battery,damaged,74.76148793145174,42.03
magnet_assembly,good,0.5,64.15
cable,damaged,100.50336413708729,61.99
pcb,good,111.68439810271502,124.09
mixed_plastic,damaged,130.24371552636492,11.41
pcb,damaged,94.63608213461445,88.98
cable,damaged,24.02937687696302,55.04
cable,good,14.894303209617,80.46
crt,damaged,81.29973978802487,22.41
other,mixed,9.0325270268318,8.27
motor,mixed,124.16370265336754,42.47
magnet_assembly,damaged,0.5,40.35
lcd_panel,good,63.94577377336883,47.48
motor,good,0.5,54.56
pcb,damaged,56.811934486495765,92.95
battery,damaged,77.75423052031687,51.88
cable,good,45.88657919102402,86.85
pcb,damaged,86.00707947649866,75.81
other,damaged,81.12436744504069,7.31
cable,good,85.45320784246358,87.7
motor,damaged,22.293537686795894,38.45
motor,good,28.956878711521647,47.97
other,good,49.43921846969645,9.97
magnet_assembly,good,81.47878262219982,61.93
mixed_plastic,damaged,14.354679655940544,11.81
mixed_plastic,good,81.77058718487308,14.7
mixed_plastic,good,0.5,14.94
battery,damaged,17.663207019064522,44.12
cable,damaged,37.38940623033815,49.42
motor,damaged,9.367127240864122,38.6
other,damaged,52.46719399391887,7.1
lcd_panel,good,7.114439520575722,43.87
lcd_panel,damaged,0.5,28.94
lcd_panel,mixed,115.30609990788521,34.12
mixed_plastic,good,39.56350935531479,15.05
pcb,good,24.860605444158132,118.66
cable,damaged,74.09908837757928,60.13
cable,damaged,62.92317092464116,62.07
other,damaged,39.90585991494849,7.5
crt,good,47.55826298120017,32.59
crt,good,20.565662027086603,32.09
magnet_assembly,damaged,32.945696151778264,45.31
pcb,good,95.9378283678702,117.36
mixed_plastic,good,64.50283260105941,15.68
magnet_assembly,damaged,104.736878178907,38.35
mixed_plastic,damaged,130.7935156661702,9.5
pcb,good,0.5,130.15
mixed_plastic,damaged,32.942918995473306,10.09
battery,damaged,53.58649004433038,50.61
motor,mixed,63.6047082561858,38.2
crt,damaged,28.301277331752157,23.9
battery,damaged,65.59547277889581,43.3
cable,damaged,19.10520862742799,62.24
battery,mixed,0.5,61.85
motor,damaged,9.6336684260148,33.14
lcd_panel,mixed,0.5,35.95
pcb,mixed,25.687120516222702,96.61
battery,good,59.74530000029495,70.91
lcd_panel,good,31.63635745781656,45.79
other,damaged,113.2998545432081,7.61
pcb,good,70.53981907684062,127.31
lcd_panel,good,31.415308108064277,43.93
other,damaged,58.04638623491357,7.98
magnet_assembly,good,105.03464692735825,61.61
motor,good,90.50184004215347,48.01
other,good,70.5563139863566,10.81
magnet_assembly,mixed,57.18327127758392,42.71
lcd_panel,damaged,34.82680320646685,30.42
cable,good,4.453282461163475,77.55
pcb,mixed,42.498635197805065,85.01
mixed_plastic,good,12.297384342277375,16.42
motor,mixed,70.5242319270433,42.54
other,mixed,39.61813289664331,8.96
other,good,28.56146219543808,10.81
mixed_plastic,damaged,82.3223119312458,10.62
mixed_plastic,good,53.43361586906013,14.89
battery,good,26.798879900462428,69.65
other,good,88.01230367894303,10.84
magnet_assembly,damaged,118.424534903277,46.06
pcb,good,64.13571350387632,125.86
cable,good,105.72639876359125,81.86
battery,good,60.6062210919555,75.21
mixed_plastic,mixed,75.67722139846205,10.58
magnet_assembly,damaged,23.83697267490305,45.29
other,good,0.5,9.75
motor,damaged,98.87202210075253,37.03
cable,damaged,119.98325221089996,50.11
cable,good,136.83770869991255,87.41
lcd_panel,damaged,42.96456750270654,35.85
mixed_plastic,damaged,45.7787979199077,10.09
motor,good,42.625733971316166,48.55
crt,damaged,141.85772307220753,20.82
cable,good,29.735579732015292,82.2
motor,mixed,30.601318500041156,39.63
battery,damaged,81.01781883052371,49.18
motor,mixed,18.83393392286811,41.17
mixed_plastic,damaged,42.22673818318686,11.64
magnet_assembly,mixed,126.0476274301203,53.91
crt,good,47.57356744741517,31.78
mixed_plastic,mixed,80.88086248013691,11.43
magnet_assembly,mixed,111.25294978317876,50.66
other,damaged,55.79470658630221,7.37
lcd_panel,damaged,25.409085393723267,34.2
cable,good,41.55479044689223,85.01
crt,damaged,10.512818913952643,19.93
other,mixed,99.05620575481535,7.72
lcd_panel,good,96.28385541855835,43.53
magnet_assembly,mixed,25.502505014382486,52.83
motor,mixed,64.46014100824407,44.91
lcd_panel,good,0.5,46.03
battery,good,24.177222854060982,72.37
other,damaged,88.77828802106947,7.38
lcd_panel,damaged,67.08777447486739,27.7
other,good,39.36921654024068,10.7
pcb,damaged,107.33689679300673,85.9
other,damaged,81.73954882208852,6.74
other,good,0.5,10.09
mixed_plastic,good,39.869803598991595,14.57
mixed_plastic,damaged,1.4216287698935375,11.84
pcb,good,102.41234984478433,120.13
crt,good,105.82735243159824,32.31
mixed_plastic,good,125.65551398201356,14.57
battery,good,31.516159253944068,76.76
pcb,mixed,32.54456437893725,84.74
pcb,good,45.61560784296677,127.61
battery,good,46.26263716332002,75.83
cable,mixed,59.159297002443125,64.73
cable,good,49.26786063914042,82.39
motor,good,65.88978436965812,53.79
pcb,good,18.488649923670444,115.04
battery,mixed,25.16609606995536,56.81
pcb,good,62.975998871516445,117.73
crt,damaged,35.68355638475351,19.8
motor,damaged,0.8180162219033278,33.95
battery,damaged,69.86796892946087,49.6
pcb,good,116.5776101579284,120.36
motor,good,112.47625699064425,53.43
battery,damaged,74.86287559424204,55.22
crt,mixed,35.21558655825464,24.08
cable,mixed,0.5,60.57
crt,damaged,100.47686002855967,20.65
other,good,71.45565489137837,10.18
pcb,damaged,62.27750829438207,86.19
magnet_assembly,mixed,42.10646318770696,52.25
crt,damaged,43.949068653859534,19.79
mixed_plastic,good,44.589826984252305,15.4
magnet_assembly,good,90.14266240733141,61.29
motor,damaged,19.084893287055635,32.99
lcd_panel,good,66.28209148498141,47.7
other,damaged,98.37064443874957,6.14
mixed_plastic,mixed,0.5,12.97
other,damaged,64.05792830166331,6.18
other,damaged,92.8060095326571,6.56
cable,damaged,42.35809240211881,49.78
lcd_panel,good,28.06241312692041,43.43
motor,good,50.04821901448897,53.46
motor,good,17.316454757272375,48.05
mixed_plastic,good,19.23430600850807,16.06
mixed_plastic,damaged,12.403875955645411,11.72
magnet_assembly,damaged,75.41672120836905,47.75
battery,good,0.5,70.87
other,good,50.318571305893215,10.17
cable,damaged,90.1483809524271,49.15
lcd_panel,good,83.73490488628235,48.18
motor,damaged,72.37796303980149,31.2
magnet_assembly,damaged,5.077577594217928,46.58
mixed_plastic,damaged,37.031007240068384,9.16
crt,good,50.00828259672788,28.71
motor,damaged,49.627987154455425,30.63
lcd_panel,damaged,69.19149771936702,27.74
other,good,43.04453433643329,9.91
lcd_panel,good,60.502453160076996,45.68
crt,good,57.74359645470177,32.71
pcb,good,47.3780957287598,120.98
other,damaged,129.26767225600116,6.01
magnet_assembly,good,43.25973476260526,59.51
crt,damaged,57.979517691096525,23.66
other,good,74.63084599084567,9.57
battery,damaged,98.15537748675266,47.39
other,damaged,61.52504946910817,7.54
other,good,16.64659266240791,10.65
lcd_panel,damaged,114.86400399065286,30.34
motor,damaged,25.13491303856388,38.8
crt,damaged,76.91544865269805,18.75
pcb,good,43.42334238154474,125.61
battery,damaged,148.68814843249967,43.19
pcb,damaged,10.30566854037945,91.76
motor,damaged,79.63297381680503,30.15
battery,mixed,29.471457341136592,60.74
crt,good,41.2785648720712,30.32
crt,mixed,0.5,22.6
other,mixed,130.71631855332953,7.62
crt,damaged,58.65267526274003,23.86
motor,good,76.91444943867279,48.4
motor,damaged,73.67256534965512,33.32
other,damaged,0.5,6.74
battery,damaged,60.222946148494756,55.64
pcb,good,56.93366657481633,128.05
mixed_plastic,good,59.75812791634001,14.59
mixed_plastic,good,20.274629409280646,15.34
magnet_assembly,damaged,18.119887856712722,42.99
mixed_plastic,mixed,71.48363332244574,10.73
other,good,52.065055068448316,10.59
magnet_assembly,good,101.26575180015075,62.2
battery,damaged,72.30764242900499,54.69
crt,good,40.63920563572074,30.61
other,damaged,68.65433497785338,7.38
lcd_panel,good,16.59428393479908,43.66
lcd_panel,good,133.58154886779093,47.89
battery,mixed,76.18616651632031,59.65
pcb,good,57.386111036184026,122.02
crt,good,50.407002829657216,30.26
motor,good,57.39769131497637,52.27
mixed_plastic,damaged,51.91845783926187,9.78
other,mixed,63.273754530340625,7.35
motor,damaged,67.03548824772143,37.57
mixed_plastic,damaged,50.765911096630084,9.93
crt,damaged,72.49266482493033,21.62
battery,good,66.69053791432745,70.25
battery,good,85.29332249293637,74.15
motor,damaged,31.916386686676784,30.29
pcb,mixed,49.711998168386536,96.31
magnet_assembly,good,74.60120775089277,60.53
battery,good,46.61748003424768,69.39
crt,damaged,23.108869112496045,19.51
cable,damaged,95.04800348756564,62.44
cable,good,39.05215615070463,82.07
other,good,33.718547482928784,10.93
battery,damaged,77.45273827826803,49.89
battery,damaged,17.795630404548305,46.94
magnet_assembly,mixed,88.31528912707907,52.71
battery,damaged,0.5,45.57
pcb,damaged,58.54583526049886,72.79
other,good,77.08638848263149,10.19
mixed_plastic,mixed,35.38548036909076,10.64
cable,damaged,77.20864421801798,50.43
other,damaged,97.700300499119,6.09
cable,damaged,77.6094720152109,48.87
mixed_plastic,good,0.5,14.93
cable,good,98.6949427900652,86.18
magnet_assembly,damaged,82.82221676025492,46.75
battery,damaged,31.423829507624493,47.19
motor,damaged,68.48243573007586,32.2
motor,good,119.55598655190316,48.09
lcd_panel,damaged,89.15432203127182,32.25
motor,good,0.5,52.86
battery,damaged,81.71739413972429,52.93
other,good,48.05572420508738,9.74
magnet_assembly,damaged,67.94452413272649,47.05
magnet_assembly,good,33.28880810272881,57.28
other,good,87.68952605989446,10.02
motor,damaged,79.49492541043297,34.35
crt,good,95.64530926125003,30.67
cable,damaged,21.5002322876705,48.4
cable,good,107.77681552614766,85.57
crt,mixed,0.5,25.23
pcb,damaged,35.718831967735625,84.82
mixed_plastic,good,122.76892733198885,16.19
pcb,mixed,51.59745588858762,89.44
other,good,5.314346924939585,10.81
pcb,damaged,9.516204568096917,73.7
mixed_plastic,mixed,0.5,10.99
crt,damaged,77.28238034307202,19.73
battery,good,0.5,74.19
battery,good,94.50753499959701,74.73
lcd_panel,damaged,5.3390224020536365,27.51
magnet_assembly,mixed,99.43246480027754,49.7
motor,damaged,60.553560169955695,37.85
mixed_plastic,mixed,35.58501413678401,11.48
other,mixed,51.31187981646346,7.36
motor,damaged,19.660186611997222,39.79
other,damaged,24.289707882057677,6.69
magnet_assembly,good,118.06084281682939,58.85
other,damaged,82.04656079295691,7.38
magnet_assembly,good,134.4349054809712,57.68
motor,good,120.62837065801612,50.94
pcb,damaged,24.884671422328427,78.42
lcd_panel,damaged,90.30613970401586,31.06
motor,good,0.5,49.53
lcd_panel,mixed,72.05905100958093,33.32
motor,damaged,63.62356865601987,33.74
crt,good,0.5,30.53
crt,good,70.5701902407134,31.77
motor,mixed,15.424357163432767,42.48
other,damaged,44.36288342889521,6.52
other,damaged,128.6136584688834,7.4
mixed_plastic,damaged,71.59121035967829,11.46
cable,good,18.64937337654414,79.25
lcd_panel,good,22.378357907349624,45.85
pcb,good,113.82439292043793,120.7
magnet_assembly,mixed,115.36781066308704,51.66
pcb,damaged,86.6697967623688,81.54
motor,damaged,22.290741420452633,37.38
mixed_plastic,good,77.33315971244278,15.57
other,good,41.62744721682554,10.8
crt,mixed,94.27859065210566,23.73
motor,damaged,75.6474664964428,34.43
battery,damaged,50.10741363019115,52.99
other,good,0.5,10.39
magnet_assembly,good,81.72677467172392,57.95
magnet_assembly,damaged,49.338569990094975,36.14
other,good,38.84148278672766,9.61
battery,damaged,38.80959326016662,52.09
cable,damaged,45.835033831019096,56.85
other,good,81.19021985155284,10.03
cable,mixed,30.2900178888019,68.95
battery,good,72.77657067604142,70.22
magnet_assembly,good,75.51586952667314,57.7
pcb,good,38.53115300955038,123.39
battery,damaged,56.99271075235111,52.48
other,good,56.58620621434276,9.94
battery,damaged,19.31929892391999,48.85
crt,damaged,109.10727511750713,23.18
battery,damaged,0.5,43.17
crt,damaged,52.19736443999395,22.39
pcb,good,18.81374878157161,118.0
other,good,38.48427974234822,9.97
magnet_assembly,good,0.5,58.98
mixed_plastic,damaged,27.40903983316231,10.67
crt,damaged,124.83860701487129,22.21
crt,good,65.58456709483616,29.97
motor,damaged,48.31194422751827,39.33
magnet_assembly,good,127.25756604508226,63.23
magnet_assembly,good,79.96359377012278,63.96
magnet_assembly,damaged,94.3515352990146,36.22
crt,mixed,13.737204728914634,26.31
other,damaged,118.37544266230809,7.39
mixed_plastic,mixed,64.45768147789302,11.96
pcb,good,63.53386667686364,123.57
pcb,mixed,33.39993670659523,84.32
other,mixed,0.5,8.8
lcd_panel,good,38.971912283165345,46.41
cable,mixed,87.62784575290729,64.73
crt,good,98.00315825707445,30.45
pcb,good,30.323902099751795,120.31
mixed_plastic,good,25.81021341847149,15.88
lcd_panel,damaged,0.5,31.36
lcd_panel,damaged,20.633048048860168,33.9
battery,damaged,53.27982225654242,46.9
cable,good,92.96988935778641,84.91
magnet_assembly,damaged,111.04745269446647,40.16
motor,damaged,57.89169062524826,35.97
cable,mixed,62.4523469377154,64.67
motor,good,0.5,52.0
lcd_panel,damaged,64.12508951991506,35.17
crt,damaged,43.3691520959418,20.7
crt,good,6.730100508046384,31.62
pcb,mixed,0.5,90.47
battery,damaged,94.20242919211637,45.06
cable,mixed,43.73971876658509,71.73
mixed_plastic,good,102.33263323565743,15.82
crt,damaged,63.98600189198775,18.23
lcd_panel,damaged,0.5,30.86
mixed_plastic,good,63.402321163364704,14.81
motor,damaged,62.646238287311135,39.67
cable,mixed,147.978391958324,60.86
crt,mixed,2.947869723069246,26.35
battery,damaged,0.5,51.16
pcb,good,75.62134366524135,114.31
mixed_plastic,damaged,65.4723408275681,10.69
battery,mixed,93.63921700743867,57.22
other,good,103.84251906921804,10.51
other,good,81.96352848752956,10.4
mixed_plastic,good,105.59821467551295,15.67
battery,mixed,0.5,62.74
cable,mixed,78.07397141968372,64.06
lcd_panel,good,47.521890156076125,48.58
mixed_plastic,mixed,50.055186040319406,12.57
other,damaged,0.5,6.55
pcb,damaged,35.79805422511394,76.9
motor,damaged,101.13317881274864,36.68
lcd_panel,good,70.92316016009578,47.47
mixed_plastic,mixed,103.2346872146867,13.38
pcb,damaged,97.36690110640582,87.42
motor,damaged,61.99098254886258,35.93
mixed_plastic,damaged,34.806122843523646,9.69
crt,damaged,57.10285234560148,23.29
magnet_assembly,damaged,98.51283940127465,46.61
other,mixed,29.862577633552007,7.06
crt,damaged,48.65549741185148,23.08
cable,good,68.18963648564538,81.22
crt,damaged,37.00670505322723,21.31
lcd_panel,good,76.25429802517164,44.17
lcd_panel,damaged,45.53590676628395,31.77
battery,damaged,19.15930326539001,55.55
mixed_plastic,good,33.54440679890037,15.67
mixed_plastic,good,30.63801454451927,14.83
crt,good,84.04276856082456,29.2
motor,damaged,110.02285475850674,33.04
mixed_plastic,damaged,46.18143011643708,9.25
magnet_assembly,mixed,0.5,46.75
magnet_assembly,good,2.565578114791876,63.53
lcd_panel,damaged,0.5,33.99
magnet_assembly,mixed,2.6255931075190944,47.87
other,damaged,30.024628056345158,6.97
pcb,damaged,58.210675744043385,74.96
magnet_assembly,damaged,39.50815951240669,45.15
mixed_plastic,good,126.16546358292028,15.35
motor,good,115.03835661448252,51.64
other,damaged,23.210726700464257,7.71
battery,good,33.957253323076486,68.8
motor,mixed,65.21525792865245,44.7
mixed_plastic,good,42.36634725426597,16.02
pcb,mixed,37.80783641929044,101.51
battery,good,79.55661884174732,73.56
other,good,149.17557674839645,10.38
cable,good,140.6872078039289,86.45
lcd_panel,good,0.5,44.54
crt,good,25.68206210859262,28.92
mixed_plastic,mixed,23.752161804462272,13.23
magnet_assembly,good,20.684284570910965,63.95
magnet_assembly,damaged,127.56770276397864,47.99
lcd_panel,good,0.5,48.34
battery,damaged,55.25677376165403,45.17
other,damaged,33.70091314340549,7.55
battery,good,52.25345147248484,71.1
motor,mixed,29.514170706074673,42.96
lcd_panel,good,32.86619041176553,47.97
other,damaged,0.5,6.56
crt,damaged,126.49637639667193,19.26
battery,damaged,84.56616853883544,55.01
motor,good,94.87622843928537,50.73
mixed_plastic,damaged,17.26384277885265,9.7
mixed_plastic,good,53.67009937793492,16.35
crt,damaged,60.089615857067095,19.15
lcd_panel,damaged,56.43915788715998,30.15
crt,good,151.34064661386105,32.84
cable,damaged,0.5,54.97
pcb,good,73.16030800597055,120.12
mixed_plastic,good,50.76619660231436,16.47
mixed_plastic,good,59.188029886714205,16.34
other,good,9.318533224342083,10.01
other,mixed,87.6503141917919,7.38
mixed_plastic,damaged,98.23978066187264,11.26
pcb,mixed,81.09629411058044,103.62
crt,good,75.41784113257431,30.35
lcd_panel,mixed,5.3032730594641535,34.71
magnet_assembly,good,24.864636360194474,60.96
lcd_panel,good,37.13349939766322,45.06
other,mixed,33.35392576554207,7.97
cable,good,66.43396817730732,81.91
cable,damaged,96.08125611238064,54.24
motor,mixed,122.88675797582827,38.44
magnet_assembly,damaged,126.37674609173975,46.78
lcd_panel,damaged,82.39557286644467,35.48
mixed_plastic,mixed,45.09164265617103,12.23
magnet_assembly,good,53.73489497106605,57.83
motor,good,55.956403033854876,53.04
pcb,damaged,22.82236308273148,84.78
magnet_assembly,good,0.5,65.44
motor,damaged,73.28977910255043,37.94
magnet_assembly,mixed,0.5,42.6
cable,good,15.584599568819925,82.28
motor,good,0.5,51.83
motor,mixed,76.12772442321238,42.45
motor,damaged,0.5,38.06
crt,damaged,0.5,18.94
motor,damaged,99.35268928357175,32.21
mixed_plastic,mixed,47.413298800384304,12.97
crt,good,28.66781066288517,30.39
lcd_panel,good,59.027925512460925,45.96
cable,good,97.50876708665605,79.99
other,damaged,111.4224951166166,6.14
magnet_assembly,damaged,91.27471930139322,38.78
pcb,damaged,103.83213069451476,92.01
mixed_plastic,good,86.49933558189659,16.42
pcb,good,44.3482774717562,121.44
battery,good,1.914018956956447,68.15
cable,damaged,34.17277152974945,50.69
lcd_panel,damaged,50.56976656054848,33.58
other,good,0.5,10.75
magnet_assembly,mixed,59.01056468990198,49.56
pcb,good,77.70891020467438,119.67
lcd_panel,damaged,115.05521622674532,34.42
magnet_assembly,mixed,29.895215446729612,48.48
cable,damaged,0.5,51.99
other,good,50.81972051704099,10.36
mixed_plastic,good,110.30534235654736,15.03
motor,mixed,22.31391151692439,39.41
crt,damaged,21.724297280506043,23.94
pcb,mixed,84.22222636082849,88.59
crt,damaged,11.460898490592264,18.39
battery,good,25.04282796869031,72.24
other,good,37.96561011436695,10.64
other,damaged,1.6209225832477898,6.68
other,good,31.599313558948193,9.62
battery,mixed,11.897675087257468,62.65
magnet_assembly,good,11.070728986877995,57.32
lcd_panel,good,11.451397285727012,43.02
crt,good,67.35541920006573,32.76
other,damaged,76.87546299806223,6.61
cable,mixed,0.5,67.35
mixed_plastic,mixed,63.638107608865056,11.62
mixed_plastic,good,3.5227003337502083,14.75
crt,good,37.64369873576926,32.18
battery,good,0.5,69.44
magnet_assembly,good,84.29323062242472,61.43
battery,damaged,127.49819587753696,49.74
battery,mixed,43.75840933227263,59.64
cable,damaged,16.560206336148667,54.52
lcd_panel,good,100.97552349326875,42.98
pcb,damaged,71.00761561350913,78.24
motor,good,4.487713613854609,49.84
other,good,0.5,10.51
other,good,29.943914124574533,10.32
lcd_panel,good,69.27134831445136,45.18
cable,good,22.165543194208976,76.97
other,good,74.20894804073022,10.37
pcb,mixed,94.61733189524537,102.43
cable,damaged,111.58963050703514,56.01
magnet_assembly,mixed,94.2361994366909,50.27
crt,good,58.69853329296118,30.86
crt,mixed,16.24396852351593,26.95
crt,damaged,76.47157818762939,21.61
cable,good,75.51392426063926,77.51
mixed_plastic,good,9.749225826980599,14.29
mixed_plastic,good,36.24095714264816,15.74
motor,good,92.91546971971574,47.84
other,mixed,63.017474377352414,7.37
other,mixed,33.283618169364374,7.03
other,good,0.5,9.54
lcd_panel,damaged,0.5,29.66
other,mixed,57.57919284884323,7.1
battery,damaged,50.499972876290016,42.97
battery,damaged,164.73612222667072,46.77
motor,good,10.093017090374047,51.44
cable,damaged,91.46587317677023,52.93
cable,damaged,0.5,60.1
battery,damaged,70.28537958181073,50.87
magnet_assembly,good,13.815425000249355,62.99
magnet_assembly,good,96.91027381069779,64.32
crt,mixed,59.25783690102289,21.62
cable,damaged,75.85958150903082,52.61
crt,good,73.35819979512534,29.17
magnet_assembly,mixed,0.5,52.73
cable,damaged,15.531877189749672,56.78
motor,damaged,51.20125916656329,39.89
other,good,4.708689780908756,9.62
magnet_assembly,mixed,47.503538434575376,47.33
motor,mixed,27.52215009219594,38.06
crt,damaged,90.58581545757647,23.16
mixed_plastic,good,63.54211505143657,14.54
cable,damaged,12.482976938544049,60.06
cable,damaged,77.18049016317642,60.28
cable,damaged,93.86825721360509,60.74
pcb,good,99.5605196806386,119.08
magnet_assembly,damaged,157.37382969693243,42.5
cable,damaged,19.971918918548063,48.77
motor,damaged,48.20958769551306,32.72
motor,good,86.55086485542343,54.23
mixed_plastic,damaged,0.5,9.41
mixed_plastic,good,90.42808658344441,15.01
pcb,mixed,79.96175778104157,84.5
mixed_plastic,mixed,75.0733462811252,12.53
motor,damaged,57.45951815867802,37.9
lcd_panel,damaged,46.47822123295825,27.56
pcb,good,63.53009950116713,116.99
pcb,damaged,3.8667038717701985,74.76
mixed_plastic,mixed,0.5,10.5
battery,damaged,28.964812964191843,53.39
magnet_assembly,damaged,57.11000425072125,47.45
other,good,57.270587327990526,9.67
cable,good,0.5,77.95
lcd_panel,good,110.02599158932168,44.2
magnet_assembly,damaged,86.33344644324379,46.46
pcb,good,15.777310543068829,123.54
other,good,8.88252955706644,9.94
pcb,good,128.90168707159233,115.45
magnet_assembly,damaged,0.5,38.41
motor,damaged,93.80641646880927,37.83
battery,good,67.3402199978737,73.62
magnet_assembly,good,111.66691247185469,64.22
pcb,damaged,0.5,85.94
battery,good,71.14071537579704,70.09
motor,good,101.25570195931347,53.61
crt,damaged,97.59564215499964,18.14
motor,good,0.5,48.92
lcd_panel,good,38.2637793663182,43.08
cable,good,0.5,79.17
lcd_panel,damaged,100.76690625833518,32.68
other,damaged,58.517998946864914,6.03
magnet_assembly,damaged,72.94977684017653,42.86
motor,good,0.5,52.03
battery,damaged,77.81609898201195,43.12
pcb,good,4.359659609890471,117.64
pcb,good,61.44779036192088,122.7
mixed_plastic,good,0.5,14.69
cable,good,51.931211215976276,82.25
pcb,mixed,32.81570224167504,97.39
battery,good,57.01147115735695,73.28
crt,good,0.5,31.15
mixed_plastic,good,0.5,15.06
motor,damaged,54.78401050668417,39.49
lcd_panel,mixed,39.498387068717534,37.55
other,good,29.945383220641915,10.0
other,damaged,54.41558556430788,7.46
magnet_assembly,good,70.29683711333155,59.13
other,good,0.5,10.38
lcd_panel,good,70.29364087571498,48.03
lcd_panel,damaged,89.60779025959384,29.92
motor,damaged,66.99024724529448,34.9
crt,damaged,26.103065394270875,22.39
crt,mixed,93.11606957813301,25.82
crt,mixed,62.244828040478396,23.76
motor,damaged,81.37199078890461,35.2
motor,good,101.27969012377218,54.96
mixed_plastic,good,75.32379738821508,16.39
battery,damaged,40.22222680302545,46.96
pcb,damaged,9.945660030777958,83.61
magnet_assembly,damaged,42.882473000322456,38.93
battery,damaged,70.79453759199251,49.75
lcd_panel,good,28.531075596678853,45.94
cable,damaged,78.64442792324397,53.29
battery,damaged,76.27788449297115,50.54
crt,good,83.12264305489518,29.68
battery,good,12.865133207111214,69.85
other,damaged,72.71028308344276,6.57
motor,good,22.84552826056902,48.46
battery,damaged,37.545942928958986,43.28
lcd_panel,damaged,14.42205003041807,29.28
crt,good,36.86068114357865,28.6
lcd_panel,mixed,100.12355669208306,35.37
motor,mixed,65.66682462461087,40.72
pcb,good,70.69687196757863,120.93
other,damaged,27.299802644515054,7.18
motor,damaged,52.8501499964357,32.14
mixed_plastic,damaged,0.5,11.44
cable,damaged,92.73517334776065,62.92
pcb,damaged,74.16483558354072,88.97
battery,damaged,100.36932959147195,55.04
other,mixed,95.8576348160291,7.1
other,good,0.5,10.87
other,damaged,7.655576378832038,6.63
mixed_plastic,mixed,98.51137556521674,10.75
pcb,mixed,69.22394851755936,87.63
lcd_panel,good,47.00176139962397,47.02
magnet_assembly,damaged,69.42197181208545,39.75
lcd_panel,good,91.39455427093736,45.44
pcb,damaged,0.5,94.12
mixed_plastic,mixed,24.880696540694487,12.8
crt,damaged,92.04735120599625,21.85
pcb,damaged,39.314946562372306,91.5
lcd_panel,good,68.52541096964042,48.21
crt,good,27.40072355871696,31.61
magnet_assembly,mixed,66.92849497828071,45.94
magnet_assembly,damaged,56.419584958939204,37.44
lcd_panel,good,138.50124157588968,43.95
pcb,mixed,97.70940661665658,102.04
mixed_plastic,mixed,0.5,11.37
motor,mixed,66.07675820695692,42.42
mixed_plastic,damaged,21.12146691499483,10.87
pcb,good,52.92787964006778,122.56
motor,good,43.9902804480696,48.96
battery,damaged,108.45137110140948,46.31
crt,damaged,0.5,22.97
pcb,damaged,98.72778847017024,80.71
crt,good,92.294732215129,29.13
lcd_panel,damaged,52.908985096131495,32.68
mixed_plastic,damaged,57.491821992928735,10.89
other,good,52.40547911873169,10.99
cable,damaged,63.90356410251079,63.61
other,good,44.333208585735846,9.55
other,good,0.5,10.97
motor,damaged,93.05550158435464,35.3
cable,damaged,44.31640499641338,60.56
pcb,mixed,67.25815335979038,87.3
magnet_assembly,damaged,85.12781855012672,42.15
lcd_panel,damaged,84.34473592304062,29.34
pcb,good,31.27743990037019,117.68
battery,mixed,55.157367649912594,56.18
motor,damaged,12.189893676900915,31.68
motor,damaged,64.9329657799105,32.32
crt,good,75.21569888128226,30.81
lcd_panel,good,84.63706473220407,44.33
magnet_assembly,good,90.05874502136555,65.95
lcd_panel,good,100.11370537709935,45.05
battery,damaged,32.07101534799402,53.41
crt,mixed,41.50284280358134,26.93
mixed_plastic,good,110.16857131319694,15.52
motor,good,59.03046092447018,53.93
battery,damaged,50.70453007734629,54.02
pcb,good,0.5,121.71
other,good,56.3897346820298,10.13
motor,mixed,74.50516478748797,40.37
crt,mixed,81.77751631995443,21.36
magnet_assembly,mixed,95.02771264067664,52.13
mixed_plastic,good,2.034510626069178,15.68
pcb,good,118.39312744307993,116.5
motor,good,43.25111287210919,51.34
crt,mixed,36.33648313965088,25.82
magnet_assembly,good,50.06937426969804,59.56
lcd_panel,good,87.30974433382315,43.83
pcb,damaged,0.5,76.66
crt,damaged,76.19902336886759,21.87
motor,good,82.4319458236684,50.51
pcb,good,29.85983352450804,118.93
magnet_assembly,good,46.21504829402844,65.73
crt,good,34.092812255415836,32.77
lcd_panel,damaged,2.638777671097621,27.98
magnet_assembly,damaged,0.5,45.22
pcb,good,0.5,116.63
other,damaged,78.77405797163341,7.39
magnet_assembly,mixed,71.69195077222966,48.74
cable,damaged,11.195029584814257,57.54
cable,damaged,34.09768938033115,51.87
crt,good,18.74813172707766,31.39
mixed_plastic,damaged,9.000307447249483,10.58
crt,good,0.5,30.2
lcd_panel,mixed,0.5,34.59
magnet_assembly,damaged,55.234964797945025,46.24
other,damaged,20.45471225432785,6.48
motor,good,0.5,51.58
mixed_plastic,mixed,58.87534035088398,10.52
other,good,28.493016752262307,9.67
lcd_panel,mixed,92.74083533547778,33.35
battery,damaged,55.595489313565096,49.48
lcd_panel,damaged,89.84472859644515,29.71
lcd_panel,good,50.028404862638546,46.69
other,good,42.98204681081959,10.25
battery,mixed,48.93235139357925,58.68
crt,damaged,15.057258644377676,20.93
lcd_panel,mixed,0.5,35.38
mixed_plastic,good,69.32253437045294,15.23
magnet_assembly,mixed,0.5,48.54
mixed_plastic,mixed,91.96501668960101,11.69
crt,good,43.65033092922511,31.13
magnet_assembly,good,25.314592995904416,62.71
magnet_assembly,damaged,0.5,39.5
other,damaged,58.74136169643783,6.43
cable,damaged,113.88482137161003,60.89
crt,mixed,0.5,24.15
mixed_plastic,damaged,55.49905380564581,10.29
mixed_plastic,good,133.57370599407193,16.45
magnet_assembly,good,66.68806297516774,64.71
pcb,damaged,24.661048577973716,88.82
cable,damaged,66.08770549790887,56.25
cable,good,42.97930288851805,79.93
motor,damaged,26.121028531157044,38.55
motor,good,0.5,53.89
battery,damaged,36.84223658570791,48.02
battery,damaged,64.3721032034302,49.49
pcb,good,75.20595105711445,129.44
mixed_plastic,damaged,0.5,9.92
magnet_assembly,damaged,51.9723332608089,39.11
other,mixed,80.75358703875587,7.2
pcb,good,149.39879814346617,124.81
lcd_panel,good,100.10462878478229,46.92
cable,damaged,16.627477038377123,53.25
other,damaged,73.33771913992267,6.98
mixed_plastic,good,66.6061593739484,16.08
mixed_plastic,damaged,23.516808466641233,10.16
motor,damaged,35.93499328556304,30.7
cable,mixed,61.81719246887126,64.04
crt,damaged,56.14194553282965,19.9
magnet_assembly,good,55.70015290304662,57.45
pcb,damaged,15.460255801402639,95.34
mixed_plastic,good,48.751860442436644,14.88
magnet_assembly,damaged,19.583272007545055,37.27
other,damaged,44.930558568563754,6.12
other,good,46.83730632541775,10.77
lcd_panel,good,26.835035614570142,45.4
cable,damaged,117.38318984067597,53.32
mixed_plastic,damaged,123.75594768007802,11.65
battery,good,113.94152448385366,69.49
pcb,damaged,82.08513834472478,78.96
magnet_assembly,good,11.994569884659718,58.55
battery,good,42.0525954820415,67.17
pcb,good,57.70240938130504,123.27
lcd_panel,good,95.79038445809189,49.25
battery,damaged,59.41271845756398,55.06
mixed_plastic,good,28.39587625604861,14.33
other,damaged,63.15731575696393,7.8
other,good,83.61276510339394,9.96
mixed_plastic,mixed,80.54790863392188,11.4
cable,damaged,95.09496041782225,55.59
battery,mixed,0.5,55.2
magnet_assembly,good,36.97096893051647,58.17
cable,mixed,26.528678819620588,56.14
battery,good,89.77344319511715,66.89
other,damaged,41.755019709894356,7.66
battery,mixed,80.41287501399431,51.62
magnet_assembly,mixed,6.055182992887509,53.26
cable,damaged,106.82017149084253,51.44
other,damaged,75.97458737350107,6.13
pcb,good,82.44814111450694,117.66
motor,mixed,104.04291569652557,44.77
lcd_panel,mixed,85.44764754339182,35.41
battery,good,95.8412057656826,70.63
other,good,18.905140606163737,9.86
cable,good,0.5,80.26
mixed_plastic,damaged,46.06428068995048,11.65
magnet_assembly,good,94.17979941770533,57.7
other,damaged,25.933903912742405,6.51
crt,damaged,38.72790477253104,20.21
mixed_plastic,good,53.93993392098724,15.41
magnet_assembly,mixed,74.75545192092615,51.57
cable,mixed,115.53438929083764,60.72
cable,damaged,81.64119439831613,63.95
crt,good,66.45583508633445,28.64
cable,mixed,71.06146734689229,64.92
magnet_assembly,mixed,30.90357175228798,48.15
crt,damaged,32.68904465646445,19.16
cable,good,81.75273868575263,85.36
magnet_assembly,good,42.15247416590136,64.38
magnet_assembly,mixed,23.154255729475143,47.82
magnet_assembly,mixed,122.53630794061692,53.8
pcb,damaged,36.284845537697436,74.99
crt,good,46.08676751600226,31.23
motor,damaged,5.682333163400166,32.9
lcd_panel,good,65.83195394838988,45.67
crt,mixed,60.5420324781914,22.51
motor,mixed,47.35780004410091,44.45
mixed_plastic,mixed,109.83379670612987,10.65
motor,good,0.5,49.59
crt,mixed,74.1836937881002,21.33
battery,good,117.60095381671773,70.26
magnet_assembly,good,34.58470395749288,58.04
lcd_panel,good,81.91375119583066,48.89
crt,damaged,0.5,23.63
mixed_plastic,good,37.181498009614245,14.83
cable,damaged,50.99054152383211,51.41
lcd_panel,good,129.53335974322385,45.49
cable,mixed,141.21997225910434,69.65
cable,damaged,59.76843610187008,59.12
lcd_panel,good,0.5,47.26
lcd_panel,good,25.565694407797366,45.35
other,damaged,70.17933025532068,6.97
pcb,damaged,92.92997603703994,77.72
crt,damaged,28.127676417094875,19.42
magnet_assembly,damaged,69.71945834057837,42.85
lcd_panel,damaged,47.699289879781475,34.85
lcd_panel,mixed,115.26286950619023,34.85
lcd_panel,good,74.8778324380884,44.52
other,mixed,80.38059549944431,8.93
other,mixed,38.32965470965851,7.32
motor,good,37.78935790539598,48.3
mixed_plastic,good,32.77306799291573,15.93
battery,damaged,110.8919025337793,49.31
crt,good,53.06936954866046,31.57
pcb,damaged,60.48858928947419,73.54
motor,mixed,25.602548222133585,37.78
lcd_panel,mixed,0.5,32.7
pcb,good,41.66127157838368,117.58
crt,damaged,7.796425272932197,19.74
crt,good,55.05070944936273,31.92
other,good,0.5,10.96
pcb,mixed,0.5,89.8
mixed_plastic,damaged,0.5,10.3
cable,damaged,17.529648922015674,48.2
motor,damaged,34.14417919294182,37.02
other,damaged,43.24139173349956,6.45
motor,good,26.178602592645632,50.85
mixed_plastic,mixed,86.02132309326366,13.06
other,good,95.61253660010433,10.19
other,damaged,149.95469544663146,7.14
pcb,damaged,84.4289870896047,93.34
mixed_plastic,damaged,0.5,11.14
pcb,good,48.105171898222565,119.58
other,good,0.5,10.48
lcd_panel,good,6.0141082380295074,49.01
motor,damaged,45.68021399344528,31.06
motor,good,60.22590815401718,50.79
crt,mixed,81.83422518616183,24.46
cable,good,25.51775094146354,85.88
motor,good,80.26072394164103,50.76
lcd_panel,good,57.65971406692696,46.05
lcd_panel,damaged,14.258940601867138,31.21
battery,damaged,56.28511675963763,50.76
magnet_assembly,good,57.047592900107695,59.34
motor,good,68.50970866817207,51.79
motor,damaged,0.5,33.41
cable,damaged,68.74300279815846,58.47
motor,damaged,102.66184688738758,37.25
battery,damaged,60.90276468814427,54.31
pcb,damaged,25.40385884913593,78.12
crt,mixed,28.339639982150352,23.17
lcd_panel,good,47.134124567534066,46.75
battery,mixed,109.19945652722626,62.26
lcd_panel,good,42.42430229957187,46.3
crt,good,91.55747045745734,31.87
motor,good,71.22010296671729,47.93
battery,good,37.12062534162994,72.78
cable,damaged,54.35214838821633,63.56
magnet_assembly,damaged,65.60883137273916,42.01
motor,mixed,74.34338581400714,43.77
mixed_plastic,damaged,2.1873280723765447,9.76
motor,mixed,99.41394603011642,42.6
cable,damaged,114.99356178619367,56.43
other,good,102.11785956267842,10.63
motor,good,30.33048604837091,47.93
magnet_assembly,good,30.57863845442009,58.12
motor,good,100.70606044751895,49.95
other,good,61.549120120393454,10.99
pcb,good,70.16404297923383,126.36
magnet_assembly,damaged,81.6458684605012,39.41
lcd_panel,damaged,4.143987731288625,27.95
pcb,damaged,68.63093273963293,79.74
battery,damaged,83.83211490251713,42.79
battery,damaged,70.56250209699104,55.3
cable,damaged,57.97941197771652,48.53
other,good,46.762071750246264,10.57
mixed_plastic,good,84.55786549079477,14.73
pcb,mixed,49.531059871632266,89.33
mixed_plastic,good,0.5391865461331236,14.6
other,good,77.02039990719142,10.75
pcb,mixed,43.65305978082992,90.22
crt,mixed,100.09468386643101,21.62
lcd_panel,mixed,76.31052704601495,37.59
crt,damaged,47.21870855030922,18.43
motor,good,71.34812803874551,51.35
battery,good,157.69514350587883,67.87
cable,mixed,15.816382614168404,59.79
lcd_panel,good,53.721184783736945,47.18
motor,good,39.56920614975727,51.33
pcb,mixed,0.5,107.8
battery,good,49.42641160107368,73.7
magnet_assembly,good,41.42352553173227,64.98
lcd_panel,good,55.0837099537119,45.33
magnet_assembly,good,53.47880870301432,57.7
battery,damaged,55.28745878059545,52.32
crt,damaged,45.41131503501684,23.25
other,good,32.078645622651564,9.97
cable,damaged,9.812116013829055,50.34
magnet_assembly,good,7.192337484226734,62.36
motor,good,118.76162451367284,54.32
cable,mixed,84.09874573731803,71.45
battery,good,0.8326560879833522,74.59
battery,good,29.735887668967408,67.55
pcb,good,16.02682056682368,118.69
other,good,51.12315096191962,10.12
magnet_assembly,mixed,54.169117565136304,51.85
other,good,66.17341910522434,10.59
lcd_panel,good,13.508201472689876,44.81
battery,damaged,90.86061571127456,44.44
other,damaged,86.75659418633317,7.0
motor,damaged,88.57660022464815,33.45
crt,mixed,64.50170280545754,23.47
lcd_panel,good,37.93591465427816,47.1
battery,good,53.24570075821643,68.72
mixed_plastic,mixed,87.58696992111608,11.53
mixed_plastic,damaged,99.7165352960052,11.84
pcb,damaged,49.33558630696364,89.23
pcb,mixed,45.76724970009209,90.46
magnet_assembly,good,30.391136319388426,60.96
battery,mixed,7.402668433674471,54.82
motor,damaged,51.656078008564265,30.53
lcd_panel,good,31.09201870516524,46.98
magnet_assembly,damaged,7.409753786092892,39.49
motor,mixed,43.25432525406906,39.51
mixed_plastic,damaged,81.7702671264828,9.25
motor,mixed,108.67297665619074,39.63
magnet_assembly,mixed,81.2474477920957,47.48
mixed_plastic,good,60.744748416633136,15.65
other,good,39.9879616164844,10.2
other,mixed,45.59565262975735,8.42
lcd_panel,good,37.05963121665455,48.52
magnet_assembly,good,46.764817084354945,62.27
pcb,damaged,68.72973192286139,72.12
lcd_panel,good,49.19293393194919,46.19
battery,good,85.9017428121518,68.73
pcb,damaged,95.20879087349925,73.0
other,good,0.5,9.51
motor,mixed,0.5,39.08
pcb,damaged,62.45984274753782,93.58
motor,damaged,14.573509533750752,38.11
battery,mixed,52.55412660112891,49.52
crt,mixed,4.464744457770081,21.52
cable,good,28.001991222380937,82.5
magnet_assembly,mixed,74.39406175198461,45.47
battery,good,55.0565131773447,72.55
battery,mixed,2.8955596875290794,56.51
magnet_assembly,good,54.88959007393982,60.08
cable,damaged,27.830818274093577,55.35
motor,damaged,63.53300755138321,32.1
other,good,30.91837036892717,10.47
pcb,mixed,69.67492849767942,86.01
pcb,damaged,0.5,73.75
motor,good,74.64903115174208,49.05
mixed_plastic,damaged,56.93947892908355,9.4
lcd_panel,damaged,26.581000351037257,29.67
magnet_assembly,mixed,80.82564902585511,53.01
mixed_plastic,good,12.86095878497791,14.29
lcd_panel,damaged,45.102607487863466,30.2
lcd_panel,damaged,39.05400849287949,29.88
mixed_plastic,mixed,30.449664904822534,11.66
cable,damaged,42.000684057728826,50.57
lcd_panel,damaged,8.833323570162676,34.68
crt,good,45.43935539001678,30.13
cable,damaged,0.5,60.75
mixed_plastic,damaged,98.34728043341212,11.5
lcd_panel,damaged,48.64940874409383,35.41
motor,damaged,79.23835905504865,34.86
cable,damaged,23.973606905264653,63.65
mixed_plastic,mixed,14.619877077599206,11.88
crt,good,29.17623289278189,29.95
mixed_plastic,good,91.41338746768845,14.99
crt,good,1.5839321590631528,30.74
cable,damaged,58.97422230972518,51.8
cable,damaged,26.83707596322388,53.42
crt,mixed,56.3101948464107,23.78
other,good,81.54686737043467,10.81
mixed_plastic,good,10.873626218977506,15.42
cable,good,13.27539310261924,78.35
motor,damaged,45.768384485931506,31.27
battery,damaged,48.37712508759393,51.22
mixed_plastic,good,34.865924696009344,14.51
pcb,good,55.81272221302952,129.07
crt,damaged,0.5,18.91
battery,good,53.71916986117638,75.74
lcd_panel,damaged,105.88141540115976,28.01
pcb,damaged,88.77527147795985,80.68
mixed_plastic,mixed,27.52631602593204,12.04
motor,damaged,69.17443813717689,39.94
pcb,good,22.912390493868223,129.05
cable,good,66.62202965896924,78.99
battery,good,0.5,76.86
battery,damaged,37.71599177248693,46.24
mixed_plastic,damaged,173.07441480722014,10.68
cable,damaged,104.40463600721252,53.31
magnet_assembly,damaged,10.09432404809484,40.67
crt,good,49.90876260963479,30.12
mixed_plastic,good,67.80417019330827,15.7
lcd_panel,mixed,18.043173763249406,31.52
motor,good,75.29816866569203,49.07
mixed_plastic,damaged,31.032872995841405,10.21
lcd_panel,damaged,84.65670341818216,35.34
lcd_panel,good,19.226616636348027,48.08
mixed_plastic,damaged,39.83382589320602,10.05
battery,good,11.330683274222011,69.31
mixed_plastic,good,8.903857938959561,16.05
mixed_plastic,good,35.069270162347436,15.08
battery,good,103.28304770867095,76.07
pcb,damaged,0.5,81.21
cable,good,9.46527969634704,80.69
magnet_assembly,mixed,0.5,43.14
pcb,damaged,73.4956679922405,76.0
other,damaged,106.5674915332436,6.17
pcb,mixed,10.94481405919683,86.77
cable,damaged,1.7434786416380206,57.91
battery,damaged,127.50217207849352,44.67
lcd_panel,mixed,0.5,36.01
motor,mixed,78.86323580470614,44.41
lcd_panel,mixed,38.50910031538151,32.09
crt,mixed,105.94121098828653,26.1
mixed_plastic,mixed,113.8739917842337,12.03
crt,damaged,63.074216024417495,23.21
mixed_plastic,mixed,0.5,11.86
mixed_plastic,damaged,90.40649814108619,11.11
lcd_panel,good,1.572680567724916,48.03
mixed_plastic,good,7.473065770425997,15.52
battery,good,66.58531580965352,70.36
crt,mixed,120.51961261503082,22.9
crt,mixed,45.014090466998276,25.34
battery,good,59.99716105052757,73.93
crt,good,27.54067900935905,30.42
mixed_plastic,good,45.40791004963745,15.3
other,good,72.67086904736718,10.97
motor,good,15.687158872855136,48.44
crt,good,43.3600651751775,30.57
mixed_plastic,good,94.97141473322083,16.06
cable,good,107.12243108492984,79.28
mixed_plastic,damaged,27.78220828539994,10.71
mixed_plastic,mixed,50.87462968728891,13.26
magnet_assembly,good,136.91798997443456,59.31
mixed_plastic,damaged,77.93553737224356,11.49
battery,good,79.24002507141925,76.66
motor,damaged,71.5373982886581,35.3
other,damaged,62.398746439388205,7.02
magnet_assembly,good,70.87380438448469,62.08
mixed_plastic,damaged,83.12235259573237,11.97
mixed_plastic,damaged,92.8432200161122,11.57
crt,damaged,65.04710205134938,23.76
pcb,damaged,103.66997935006391,72.57
motor,damaged,87.59923272371282,33.96
other,good,34.41828821667386,10.83
other,damaged,23.85955202667838,7.77
cable,good,83.70824074793804,79.15
motor,good,21.223358368796763,53.38
cable,damaged,108.73296533423837,63.06
mixed_plastic,damaged,57.6170142026114,11.0
magnet_assembly,good,22.569263686187305,58.14
motor,good,53.45720756350169,51.54
motor,damaged,33.03584737663604,30.64
motor,damaged,49.96293495079389,36.01
motor,damaged,29.14311823661457,34.06
motor,damaged,125.84149980615756,38.52
crt,damaged,45.03363170132723,21.95
motor,damaged,132.11366452319484,37.54
crt,good,75.77166105045016,30.88
battery,damaged,0.5,47.68
motor,good,103.31275177425071,49.51
cable,good,116.93455784610094,83.25
magnet_assembly,damaged,26.421904002451264,38.61
cable,damaged,41.7064490986712,50.32
crt,mixed,86.60079699679824,24.65
magnet_assembly,damaged,73.5400314504478,46.98
magnet_assembly,good,76.67489380303164,65.31
mixed_plastic,damaged,65.70536462603872,10.53
lcd_panel,good,68.14342094036874,46.38
lcd_panel,good,75.28483788911245,44.01
battery,mixed,25.090097599923737,49.35
pcb,good,88.08734973747079,118.19
mixed_plastic,good,35.06395915060977,14.75
other,good,79.86445458408629,10.19
pcb,damaged,63.02311267148281,95.29
other,mixed,48.430541052050245,7.17
crt,damaged,0.5,18.87
crt,good,0.5,29.66
other,damaged,44.04609939351545,6.73
magnet_assembly,good,75.15074316362848,62.34
other,damaged,35.70515614333616,7.35
cable,good,71.98732745161038,80.64
other,damaged,122.05720397065951,7.1
crt,good,68.40217365785777,29.72
mixed_plastic,damaged,59.060214084611545,11.65
crt,mixed,50.210124532380355,23.63
crt,damaged,93.14683030112042,18.29
other,damaged,14.389823198053854,7.71
pcb,good,0.5,116.12
crt,damaged,76.51481720418522,19.27
other,damaged,53.02397957803748,6.23
motor,mixed,24.668592586154222,35.87
other,good,73.44316137361454,9.55
motor,damaged,88.53804889142165,34.23
mixed_plastic,damaged,119.572925609683,9.34
motor,damaged,102.83000511304641,31.72
motor,damaged,56.77500205086445,35.56
magnet_assembly,damaged,58.15150212827234,47.16
other,damaged,102.51660158864546,6.68
magnet_assembly,good,117.76392313647895,59.04
motor,mixed,14.561079670139975,37.68
cable,damaged,0.5,55.01
other,good,37.66122667160381,9.86
lcd_panel,damaged,67.40952548740526,30.23
pcb,good,116.88187528017365,127.44
magnet_assembly,good,101.8433379631774,59.51
mixed_plastic,mixed,31.32230896984719,11.24
mixed_plastic,mixed,127.5844763442978,12.07
motor,damaged,101.49570594633234,35.28
crt,good,33.607950248258675,31.62
motor,good,81.33434842096125,50.14
pcb,good,24.356749338465782,126.19
pcb,good,76.36217375653679,124.98
lcd_panel,good,30.741568938692446,48.5
crt,mixed,0.5,24.27
cable,good,49.04526383981086,81.26
lcd_panel,mixed,0.5,39.21
other,good,9.527859159649125,10.2
crt,mixed,82.41989996601069,26.33
motor,damaged,17.796192758779647,33.37
crt,mixed,57.53903044072412,23.84
lcd_panel,good,4.476761561739508,47.24
other,good,38.99973075394195,10.83
mixed_plastic,mixed,93.3679297617417,11.93
crt,mixed,58.412121608879815,23.6
pcb,damaged,69.02353743714329,79.3
magnet_assembly,good,0.5,65.67
other,good,47.14633210838622,9.59
crt,good,84.04983126917642,29.24
lcd_panel,damaged,67.40313352743439,29.95
battery,mixed,37.78119883008526,57.91
motor,damaged,32.8330424140287,30.15
lcd_panel,damaged,65.35037159107702,28.24
crt,damaged,0.5,22.38
magnet_assembly,mixed,51.36118345386724,51.66
crt,damaged,28.416351170514737,20.39
crt,damaged,85.796422241073,19.56
magnet_assembly,good,52.47533411548541,57.51
pcb,damaged,12.897866767530878,90.92
crt,damaged,0.5,19.9
battery,good,17.411272750634737,67.07
cable,mixed,22.793223931990966,64.57
other,damaged,50.53058572335893,7.62
lcd_panel,mixed,29.025601772736664,33.42
crt,damaged,71.55267712724492,23.59
battery,good,42.73452267811668,70.6
motor,damaged,73.13209128445116,31.59
cable,damaged,113.71804792835562,59.92
other,good,76.55456359726699,10.76
magnet_assembly,damaged,22.0234183950685,38.72
magnet_assembly,mixed,56.467941068190115,51.38
crt,good,119.35050766086167,32.96
magnet_assembly,good,52.40578709132064,65.18
pcb,mixed,21.836494576305068,101.16
other,good,24.96837224881513,10.37
pcb,damaged,15.463387807287376,79.89
other,damaged,99.12550397146153,6.36
motor,damaged,85.12729659881218,32.06
magnet_assembly,damaged,19.186957391293973,46.25
motor,good,47.5352782083091,52.45
other,mixed,99.16201225390463,8.86
lcd_panel,damaged,55.49302303420916,31.33
pcb,mixed,106.35686241086891,99.09
pcb,good,66.74291543964618,122.7
battery,good,64.38143774071476,67.11
cable,good,15.975469881922088,80.55
mixed_plastic,good,28.359725368684025,16.08
battery,mixed,55.408283242546375,58.19
cable,damaged,91.34255820260748,59.17
motor,damaged,0.5882670445726461,30.53
crt,damaged,51.679137335064034,19.9
battery,good,18.0459079574968,72.73
cable,good,92.28547075203716,79.48
mixed_plastic,good,66.51922262100189,14.3
lcd_panel,good,38.281815369458215,48.88
cable,good,30.707457162547882,82.49
battery,good,93.9593342976786,70.44
crt,damaged,71.15098713435543,21.85
magnet_assembly,mixed,45.32507486535148,46.35
magnet_assembly,good,55.494913551928946,62.78
other,damaged,19.7410840819065,6.87
other,good,65.50393312849445,10.26
crt,mixed,16.92541775720686,26.01
lcd_panel,damaged,29.770959882786485,34.69
crt,good,97.06787972670763,28.88
cable,damaged,75.50423248924835,53.53
crt,good,60.35079220975686,29.34
crt,good,13.097109105651825,30.06
battery,good,112.15835635651416,73.6
battery,good,25.154476447504088,68.51
magnet_assembly,good,84.4960915503558,57.33
pcb,mixed,80.01005783895725,91.43
pcb,damaged,16.011868096624283,86.49
cable,good,67.62078425523664,79.41
cable,damaged,13.241235157808873,55.27
lcd_panel,mixed,74.03150862673749,36.05
other,good,0.5,10.9
other,damaged,75.58026050452251,6.27
mixed_plastic,mixed,74.68963467101491,11.41
pcb,damaged,8.178820573037875,91.26
crt,damaged,48.94956826920591,20.76
mixed_plastic,damaged,6.158180149861934,9.73
pcb,damaged,0.5,72.32
magnet_assembly,damaged,50.2785689376775,38.19
crt,damaged,17.88767860204971,22.43
magnet_assembly,good,10.188453329808198,59.68
pcb,good,0.5,125.77
motor,good,58.97668831776465,48.45
battery,mixed,70.07164671110564,49.61
motor,good,26.338111693114175,51.15
other,good,10.981598892959482,10.82
magnet_assembly,damaged,40.24407346206861,44.26
battery,damaged,42.88616898386309,54.71
cable,good,60.80234483851915,81.9
motor,mixed,34.690762802862224,39.1
crt,good,12.542157934039615,32.75
magnet_assembly,mixed,2.646294357933236,48.65
magnet_assembly,damaged,84.4482822426413,43.87
battery,damaged,79.67551001523256,45.71
other,damaged,18.69605610325644,6.89
crt,good,78.28129438443139,31.45
battery,mixed,81.45624847983265,56.26
motor,good,27.618148588421242,51.86
lcd_panel,good,49.9465201919176,45.71
battery,mixed,94.9687521275938,55.42
mixed_plastic,mixed,29.453772321227568,12.92
pcb,good,92.48008809222284,131.31
mixed_plastic,damaged,0.5,11.94
cable,good,11.729226731817285,87.07
lcd_panel,good,149.89660505679416,46.53
other,damaged,51.84025546945364,7.52
magnet_assembly,mixed,15.733577962663539,47.59
motor,mixed,20.52030677373888,38.69
magnet_assembly,damaged,26.93592893028116,40.88
cable,damaged,20.481657746999357,55.3
other,mixed,39.14258657750448,7.21
crt,mixed,57.712313535879574,26.47
other,mixed,111.29461323396518,8.94
mixed_plastic,mixed,0.5,12.14
crt,mixed,43.508702113303436,23.65
other,mixed,48.986109009983025,7.74
other,damaged,64.95348580006679,6.87
mixed_plastic,damaged,84.06305280984739,9.07
cable,damaged,84.26949685881834,50.61
mixed_plastic,good,65.9219286603705,15.24
lcd_panel,mixed,0.5,33.79
mixed_plastic,good,115.03501222166868,15.87
other,good,72.69954884519915,9.5
mixed_plastic,damaged,8.650605331677255,9.24
lcd_panel,damaged,87.57253755393877,28.14
lcd_panel,good,44.83756253752365,42.95
lcd_panel,damaged,110.3576105696085,35.93
crt,damaged,34.33475579172557,18.32
crt,damaged,61.20169044239837,23.57
crt,mixed,60.20358785749926,26.05
battery,mixed,21.14202627210231,58.0
pcb,good,53.13955563461825,122.77
lcd_panel,damaged,42.16858916125675,29.47
crt,damaged,8.309136478110062,18.43
lcd_panel,mixed,88.66177002082449,31.78
crt,good,22.946673942229992,30.13
motor,damaged,53.12480278384396,31.2
mixed_plastic,mixed,63.82488474437271,11.24
crt,damaged,0.5,22.88
motor,good,32.39654878989491,53.04
other,good,101.58252896661784,10.02
crt,damaged,51.42089723111828,19.61
other,damaged,93.85738247504307,7.11
crt,good,77.75870060817499,29.23
battery,good,65.15334530757913,71.27
cable,good,77.81508945606916,78.33
mixed_plastic,good,158.12110257620333,14.68
lcd_panel,damaged,40.773533334411674,29.68
other,good,32.922912958684186,9.88
magnet_assembly,good,8.139850834914306,60.88
mixed_plastic,damaged,60.848765155929854,10.86
crt,mixed,96.42445670774633,21.15
magnet_assembly,damaged,0.5,36.74
pcb,good,61.64027449855257,114.33
crt,good,8.976373894515476,30.61
battery,damaged,64.78963210561454,49.18
pcb,mixed,64.33378044304013,94.18
magnet_assembly,good,2.1376828553325424,61.65
pcb,damaged,0.5,76.36
mixed_plastic,damaged,66.61900606024996,9.56
battery,good,101.9478960126767,74.21
mixed_plastic,damaged,153.90333610823052,9.65
battery,damaged,65.24185335600839,49.29
pcb,good,64.11367336551575,119.03
cable,damaged,72.9211734420562,60.17
cable,damaged,68.2159268391286,49.86
battery,mixed,128.36841440447213,55.96
magnet_assembly,damaged,31.689448582747765,40.86
motor,good,0.5,54.35
crt,good,35.968871775937835,32.26
magnet_assembly,mixed,6.885087454874991,46.03
other,damaged,90.96293767064387,7.4
cable,damaged,0.5,50.21
pcb,damaged,23.004860142795298,81.69
crt,mixed,67.1645386051645,22.02
lcd_panel,good,81.84190296343004,46.82
crt,mixed,75.83561681103569,24.26
lcd_panel,mixed,6.038209937805092,33.99
motor,damaged,45.372140683373296,33.27
crt,mixed,74.30262508485507,26.02
battery,damaged,0.5,49.69
crt,damaged,43.9094466633002,18.34
pcb,damaged,62.99223300840492,94.35
pcb,damaged,54.46520084972725,78.58
other,damaged,36.005930248874876,6.24
motor,damaged,41.895329295827224,38.4
battery,damaged,6.053801475116657,47.51
other,mixed,0.5,8.54
cable,mixed,21.337060463035794,69.27
pcb,good,82.38377743887543,124.31
mixed_plastic,damaged,138.3367636461882,10.35
crt,damaged,26.226005890415816,19.4
mixed_plastic,good,0.5,14.91
mixed_plastic,mixed,100.34837832793069,11.32
motor,good,55.409168447067266,52.8
cable,damaged,69.96195341931895,59.43
cable,damaged,106.63665429823435,58.82
crt,damaged,16.832962819707816,20.3
lcd_panel,mixed,6.566993108150534,40.0
battery,damaged,134.567008717675,54.53
lcd_panel,mixed,30.99408531042083,33.58
battery,good,96.94043433437419,68.35
lcd_panel,damaged,38.603506084901404,33.03
motor,mixed,75.60678544492201,41.03
battery,good,41.43398757155245,69.08
cable,damaged,83.48617945325537,48.81
battery,mixed,93.97948101332325,56.92
other,damaged,42.45153601040664,6.69
motor,damaged,44.10639093513975,39.01
magnet_assembly,damaged,88.55701692222283,36.49
mixed_plastic,good,45.56834097248897,15.65
magnet_assembly,damaged,38.34042314986592,46.73
other,damaged,21.047850225933193,7.38
magnet_assembly,good,29.508194149561128,61.35
cable,damaged,82.80929593223937,59.46
other,damaged,82.69224814953304,6.08
mixed_plastic,mixed,7.936344268752407,12.51
pcb,damaged,3.903096825560368,88.63
battery,good,63.64863369968133,75.77
lcd_panel,damaged,110.01098436003952,32.2
crt,mixed,51.97312663179375,24.69
mixed_plastic,damaged,78.89787940883917,10.5
lcd_panel,damaged,4.989404407693613,34.54
other,good,6.258708541613096,10.82
crt,damaged,118.29319238236891,20.06
cable,damaged,19.167247890852423,49.6
magnet_assembly,good,111.94557180096146,61.84
other,good,62.80866311795316,10.05
motor,damaged,18.268226725944867,36.4
pcb,damaged,67.31378215401108,94.34
mixed_plastic,good,79.84694552316175,14.37
magnet_assembly,damaged,54.67092399978392,47.2
mixed_plastic,good,45.494147324492445,15.02
motor,damaged,68.0330125829615,35.16
pcb,damaged,57.2042186986166,75.93
mixed_plastic,mixed,20.747015722055657,11.63
lcd_panel,good,15.246156867262783,47.22
other,damaged,92.55095935142307,7.63
motor,good,16.151468588490594,54.11
motor,damaged,85.3293030123592,30.15
mixed_plastic,damaged,50.84694347511507,11.36
pcb,good,64.6840741001572,126.94
motor,damaged,17.91202367859283,33.34
magnet_assembly,damaged,4.113619559531543,43.57
pcb,damaged,57.40271321807844,78.92
mixed_plastic,good,74.17652650254722,15.15
motor,damaged,11.375850063252535,32.64
crt,damaged,113.96138497579305,21.91
cable,good,10.606490876705053,79.23
mixed_plastic,damaged,72.73923087225083,11.01
battery,good,78.9836711489249,69.2
pcb,good,67.93941816785761,121.47
pcb,good,0.5,123.29
lcd_panel,mixed,34.962571203456825,39.65
lcd_panel,good,113.17751566779438,45.8
pcb,good,25.529614419816603,121.86
cable,good,34.74042340703629,78.47
motor,damaged,0.5,36.62
pcb,damaged,12.764590251872221,92.86
pcb,damaged,111.09717547520725,73.61
lcd_panel,damaged,31.76620504678851,34.8
lcd_panel,good,72.99682063219193,42.84
other,good,51.83681969791066,9.7
magnet_assembly,good,100.2575546951612,58.23
magnet_assembly,good,0.5,65.76
lcd_panel,good,90.90051174784065,45.17
magnet_assembly,damaged,79.0980541509087,39.95
crt,damaged,82.2896955109412,21.26
lcd_panel,damaged,28.40245168873373,30.74
crt,damaged,0.5,21.39
motor,damaged,72.38263971469175,34.82
crt,damaged,44.15449217868901,22.81
cable,damaged,88.41508594952626,63.72
battery,mixed,48.354113410755104,57.08
pcb,damaged,44.68194607161219,73.07
mixed_plastic,good,114.49754544491707,16.07
mixed_plastic,damaged,24.743897777337672,9.01
other,damaged,52.10105472861265,6.24
cable,good,67.49391730431229,76.45
magnet_assembly,mixed,47.6367573885974,45.13
crt,good,19.23201842314594,28.93
cable,damaged,59.76650218347473,57.55
mixed_plastic,good,10.669476923202296,15.04
motor,mixed,44.419270644005536,35.48
motor,mixed,34.51002536084191,36.41
magnet_assembly,damaged,6.102416938601635,40.15
pcb,good,25.98457228515577,130.09
lcd_panel,mixed,55.58614758261403,40.5
magnet_assembly,damaged,75.76308297833798,38.81
pcb,good,56.155644459257054,114.34
magnet_assembly,good,54.5382416022621,63.59
motor,good,57.43350515611012,49.08
mixed_plastic,good,0.5,16.14
motor,damaged,42.13282406852798,31.37
motor,mixed,95.60494327090115,44.61
pcb,good,132.73155403367502,122.2
other,damaged,14.158831427760006,6.69
crt,mixed,92.94229432131645,24.41
mixed_plastic,good,33.63494366067023,15.76
crt,damaged,56.42059473329011,19.33
motor,damaged,87.81803113065975,32.72
battery,good,25.12023435289379,69.12
cable,damaged,115.60588904102299,51.42
cable,good,37.80245735544443,82.29
motor,good,0.5,53.45
other,damaged,106.75716016714941,6.2
lcd_panel,good,55.8299847814748,43.11
crt,good,104.31286300464804,28.68
pcb,damaged,61.98130012172848,72.75
mixed_plastic,damaged,26.9495228388691,10.32
pcb,good,51.27037826325803,128.42
crt,good,53.026941624535446,29.32
battery,damaged,133.6211960788645,45.6
battery,mixed,82.88928728157364,49.21
magnet_assembly,good,135.83299700305955,60.92
lcd_panel,damaged,0.5,27.62
magnet_assembly,good,117.23694795183563,61.8
other,good,66.09596388788046,9.71
other,damaged,44.93761760722639,7.06
magnet_assembly,damaged,88.21506225113285,36.62
cable,good,0.5,82.73
mixed_plastic,mixed,25.43526370104257,10.75
crt,good,73.94475495657579,30.24
cable,mixed,77.98294011407555,71.4
other,damaged,83.70055585820018,7.0
motor,mixed,80.19835064567857,41.63
motor,good,15.388645104288699,53.7
motor,damaged,94.42024567906614,32.9
battery,damaged,20.024504002205248,45.67
other,mixed,37.62750345991971,7.47
other,damaged,7.352458162528698,7.58
motor,good,155.57235476648714,50.47
other,damaged,89.15043526029362,6.83
pcb,good,40.002882524764324,123.92
battery,good,69.65782043577607,69.87
other,good,40.83675876313161,10.51
cable,good,72.89540929231612,80.62
battery,damaged,15.577208423097517,48.88
crt,damaged,0.5,18.31
pcb,good,0.5,131.76
crt,mixed,47.454926502105494,22.79
other,good,106.58570669981391,9.85
pcb,good,23.167563913588836,131.84
mixed_plastic,good,3.555504394671132,16.36
motor,good,6.063631281497891,50.33
mixed_plastic,damaged,25.235082070002733,9.87
mixed_plastic,damaged,106.36713574410352,10.31
crt,good,30.50287149960258,29.87
cable,mixed,18.452139631629336,57.7
pcb,good,104.93623769401016,119.31
motor,good,19.154345737711232,48.76
other,good,1.0797532425492165,9.69
motor,damaged,0.5,31.11
battery,damaged,62.245436606228424,53.1
cable,good,99.88293864855575,81.44
battery,good,84.72260969645865,73.51
pcb,mixed,0.5,104.64
mixed_plastic,good,121.46388095706784,14.54
mixed_plastic,damaged,1.071190797522803,10.83
magnet_assembly,good,106.98510928308974,64.34
magnet_assembly,good,62.57601682908727,58.47
mixed_plastic,damaged,82.5044121557311,10.19
crt,good,83.68992939039134,32.09
battery,mixed,74.19903382118704,58.7
mixed_plastic,good,73.1571459428494,15.64
mixed_plastic,damaged,68.40169295441865,9.62
magnet_assembly,damaged,0.5,37.5
crt,good,53.4074803244493,29.3
pcb,damaged,69.98743344552625,95.66
lcd_panel,mixed,100.39424763612499,39.87
pcb,mixed,74.65688419258935,95.88
magnet_assembly,good,67.00532986854886,60.07
other,damaged,45.67444038434333,7.49
motor,damaged,94.48402476885354,31.27
lcd_panel,good,17.315487901027637,45.01
battery,damaged,28.66616959907188,53.5
magnet_assembly,good,74.7235206482973,57.88
battery,mixed,65.36781968412241,49.69
other,damaged,75.45273780242604,6.7
other,damaged,70.04679738110184,6.1
